,id,price
0,5000,250.0
1,5001,300.0
2,5002,13500.0
3,5003,34000.0
4,5004,490.0
5,5005,440.0
6,5006,31000.0
7,5007,240.0
8,5008,400.0
9,5009,360.0
10,5010,39999.0
11,5011,50000.0
12,5012,53000.0
13,5013,48000.0
14,5014,38500.0
15,5015,46000.0
16,5016,54900.0
17,5017,240.0
18,5018,56500.0
19,5019,52500.0
20,5020,260.0
21,5021,39000.0
22,5022,395.0
23,5023,350.0
24,5024,345.0
25,5025,250.0
26,5026,210.0
27,5027,91000.0
28,5028,45900.0
29,5029,37000.0
30,5030,240.0
31,5031,580.0
32,5032,120000.0
33,5033,320.0
34,5034,43000.0
35,5035,25.0
36,5036,1200.0
37,5037,600.0
38,5038,250.0
39,5039,170000.0
40,5040,85000.0
41,5041,40000.0
42,5042,
43,5043,39.0
44,5044,235.0
45,5045,280.0
46,5046,430.0
47,5047,290.0
48,5048,
49,5049,
50,5050,220.0
51,5051,
52,5052,300.0
53,5053,450.0
54,5054,245.0
55,5055,150000.0
56,5056,100000.0
57,5057,270.0
58,5058,105000.0
59,5059,105000.0
60,5060,220.0
61,5061,33000.0
62,5062,27500.0
63,5063,27890.0
64,5064,9890.0
65,5065,41000.0
66,5066,255.0
67,5067,270.0
68,5068,44000.0
69,5069,6790.0
70,5070,72000.0
71,5071,29.0
72,5072,250.0
73,5073,34000.0
74,5074,45500.0
75,5075,74800.0
76,5076,450.0
77,5077,25000.0
78,5078,230.0
79,5079,295.0
80,5080,
81,5081,
82,5082,250.0
83,5083,220.0
84,5084,31900.0
85,5085,750.0
86,5086,900.0
87,5087,220.0
88,5088,57500.0
89,5089,270.0
90,5090,330.0
91,5091,39000.0
92,5092,700.0
93,5093,600.0
94,5094,88000.0
95,5095,
96,5096,89000.0
97,5097,230.0
98,5098,130000.0
99,5099,210.0
100,5100,240.0
101,5101,63000.0
102,5102,47000.0
103,5103,50000.0
104,5104,49000.0
105,5105,890.0
106,5106,350.0
107,5107,60000.0
108,5108,35400.0
109,5109,65000.0
110,5110,260.0
111,5111,43000.0
112,5112,43500.0
113,5113,50.0
114,5114,340.0
115,5115,240.0
116,5116,88000.0
117,5117,98000.0
118,5118,220.0
119,5119,330.0
120,5120,35000.0
121,5121,59500.0
122,5122,260.0
123,5123,400.0
124,5124,74900.0
125,5125,250.0
126,5126,1700.0
127,5127,220.0
128,5128,270.0
129,5129,75000.0
130,5130,59000.0
131,5131,41000.0
132,5132,220.0
133,5133,130000.0
134,5134,51500.0
135,5135,110000.0
136,5136,230.0
137,5137,95000.0
138,5138,
139,5139,
140,5140,
141,5141,
142,5142,
143,5143,71000.0
144,5144,270.0
145,5145,85000.0
146,5146,450.0
147,5147,42000.0
148,5148,
149,5149,300.0
150,5150,
151,5151,990.0
152,5152,220.0
153,5153,340.0
154,5154,69950.0
155,5155,235.0
156,5156,315.0
157,5157,70000.0
158,5158,22000.0
159,5159,500.0
160,5160,350.0
161,5161,49800.0
162,5162,48000.0
163,5163,240.0
164,5164,260.0
165,5165,300.0
166,5166,850.0
167,5167,280.0
168,5168,250.0
169,5169,260.0
170,5170,22000.0
171,5171,275.0
172,5172,240.0
173,5173,78800.0
174,5174,250.0
175,5175,190.0
176,5176,275000.0
177,5177,200.0
178,5178,78000.0
179,5179,1100.0
180,5180,1100.0
181,5181,390.0
182,5182,270.0
183,5183,220.0
184,5184,34000.0
185,5185,75000.0
186,5186,27.0
187,5187,50.0
188,5188,550.0
189,5189,250.0
190,5190,250.0
191,5191,59500.0
192,5192,700.0
193,5193,500.0
194,5194,
195,5195,65000.0
196,5196,
197,5197,465.0
198,5198,600.0
199,5199,280.0
200,5200,155000.0
201,5201,58000.0
202,5202,500.0
203,5203,
204,5204,340.0
205,5205,75900.0
206,5206,94000.0
207,5207,93150.0
208,5208,117000.0
209,5209,87000.0
210,5210,265.0
211,5211,22500.0
212,5212,1000.0
213,5213,79800.0
214,5214,220.0
215,5215,270.0
216,5216,950.0
217,5217,55499.0
218,5218,40000.0
219,5219,49200.0
220,5220,260.0
221,5221,92750.0
222,5222,141375.0
223,5223,159732.0
224,5224,700.0
225,5225,30500.0
226,5226,350.0
227,5227,260.0
228,5228,164320.0
229,5229,79500.0
230,5230,12500.0
231,5231,250.0
232,5232,250.0
233,5233,270.0
234,5234,300.0
235,5235,260.0
236,5236,30000.0
237,5237,350.0
238,5238,280.0
239,5239,235.0
240,5240,43000.0
241,5241,45000.0
242,5242,199.0
243,5243,51300.0
244,5244,79500.0
245,5245,30.0
246,5246,25.0
247,5247,230.0
248,5248,480.0
249,5249,280.0
250,5250,44900.0
251,5251,159732.0
252,5252,37000.0
253,5253,61000.0
254,5254,450.0
255,5255,120.0
256,5256,11700.0
257,5257,200.0
258,5258,44300.0
259,5259,38000.0
260,5260,27500.0
261,5261,32500.0
262,5262,32000.0
263,5263,
264,5264,65000.0
265,5265,230.0
266,5266,78000.0
267,5267,10000.0
268,5268,670.0
269,5269,200.0
270,5270,
271,5271,73000.0
272,5272,34900.0
273,5273,400.0
274,5274,145000.0
275,5275,110000.0
276,5276,35000.0
277,5277,220000.0
278,5278,58500.0
279,5279,29800.0
280,5280,32000.0
281,5281,195.0
282,5282,300.0
283,5283,34980.0
284,5284,45000.0
285,5285,410.0
286,5286,95000.0
287,5287,450.0
288,5288,192.0
289,5289,52000.0
290,5290,240.0
291,5291,230.0
292,5292,38500.0
293,5293,33000.0
294,5294,53500.0
295,5295,115.0
296,5296,180.0
297,5297,735.0
298,5298,330.0
299,5299,53500.0
300,5300,58000.0
301,5301,199000.0
302,5302,147000.0
303,5303,105000.0
304,5304,200.0
305,5305,89000.0
306,5306,135000.0
307,5307,90000.0
308,5308,330.0
309,5309,210000.0
310,5310,65000.0
311,5311,1450.0
312,5312,395.0
313,5313,330.0
314,5314,300.0
315,5315,350.0
316,5316,83800.0
317,5317,
318,5318,1200.0
319,5319,1200.0
320,5320,320000.0
321,5321,2500.0
322,5322,141000.0
323,5323,80000.0
324,5324,85000.0
325,5325,750.0
326,5326,320.0
327,5327,550.0
328,5328,19999.0
329,5329,29999.0
330,5330,180.0
331,5331,55.0
332,5332,220.0
333,5333,159750.0
334,5334,650.0
335,5335,164000.0
336,5336,41700.0
337,5337,
338,5338,
339,5339,
340,5340,
341,5341,
342,5342,168000.0
343,5343,260.0
344,5344,
345,5345,43500.0
346,5346,550.0
347,5347,550.0
348,5348,270000.0
349,5349,148000.0
350,5350,150.0
351,5351,70.0
352,5352,107000.0
353,5353,185300.0
354,5354,99875.0
355,5355,270000.0
356,5356,59000.0
357,5357,300.0
358,5358,220.0
359,5359,79000.0
360,5360,69000.0
361,5361,55000.0
362,5362,82500.0
363,5363,480.0
364,5364,320.0
365,5365,49500.0
366,5366,220.0
367,5367,400.0
368,5368,170000.0
369,5369,130000.0
370,5370,50.0
371,5371,49900.0
372,5372,155000.0
373,5373,155000.0
374,5374,62000.0
375,5375,300.0
376,5376,520.0
377,5377,650.0
378,5378,34900.0
379,5379,
380,5380,43000.0
381,5381,115000.0
382,5382,23000.0
383,5383,129360.0
384,5384,298544.0
385,5385,45000.0
386,5386,43956.0
387,5387,37500.0
388,5388,45000.0
389,5389,25.0
390,5390,87961.0
391,5391,470.0
392,5392,53000.0
393,5393,190.0
394,5394,140.0
395,5395,250.0
396,5396,280.0
397,5397,400.0
398,5398,14500.0
399,5399,41900.0
400,5400,380.0
401,5401,650.0
402,5402,80000.0
403,5403,46200.0
404,5404,
405,5405,40700.0
406,5406,135000.0
407,5407,49000.0
408,5408,450.0
409,5409,220.0
410,5410,750.0
411,5411,59990.0
412,5412,56800.0
413,5413,300.0
414,5414,300.0
415,5415,500.0
416,5416,37500.0
417,5417,82000.0
418,5418,550.0
419,5419,120000.0
420,5420,425.0
421,5421,8100.0
422,5422,265000.0
423,5423,36000.0
424,5424,290.0
425,5425,270.0
426,5426,420.0
427,5427,38000.0
428,5428,
429,5429,228000.0
430,5430,149000.0
431,5431,199000.0
432,5432,630.0
433,5433,67000.0
434,5434,220000.0
435,5435,45000.0
436,5436,190.0
437,5437,500.0
438,5438,250.0
439,5439,29790.0
440,5440,102000.0
441,5441,
442,5442,32000.0
443,5443,600.0
444,5444,67500.0
445,5445,50000.0
446,5446,32000.0
447,5447,250.0
448,5448,12980.0
449,5449,7380.0
450,5450,280.0
451,5451,11590.0
452,5452,14690.0
453,5453,5360.0
454,5454,26500.0
455,5455,24890.0
456,5456,6490.0
457,5457,18900.0
458,5458,430.0
459,5459,270.0
460,5460,70000.0
461,5461,43500.0
462,5462,41000.0
463,5463,
464,5464,
465,5465,125.0
466,5466,259000.0
467,5467,104370.0
468,5468,45000.0
469,5469,54500.0
470,5470,
471,5471,59900.0
472,5472,175000.0
473,5473,300.0
474,5474,450.0
475,5475,14980.0
476,5476,7380.0
477,5477,15890.0
478,5478,12890.0
479,5479,9870.0
480,5480,10890.0
481,5481,14500.0
482,5482,53500.0
483,5483,
484,5484,260.0
485,5485,13500.0
486,5486,280.0
487,5487,250000.0
488,5488,492560.0
489,5489,129000.0
490,5490,900.0
491,5491,160.0
492,5492,250000.0
493,5493,700.0
494,5494,280.0
495,5495,280.0
496,5496,215.0
497,5497,43000.0
498,5498,350.0
499,5499,
500,5500,285.0
501,5501,42500.0
502,5502,220.0
503,5503,400.0
504,5504,100.0
505,5505,175.0
506,5506,12000.0
507,5507,40000.0
508,5508,250.0
509,5509,300.0
510,5510,280.0
511,5511,850.0
512,5512,
513,5513,54000.0
514,5514,109000.0
515,5515,89000.0
516,5516,41000.0
517,5517,50000.0
518,5518,128000.0
519,5519,104000.0
520,5520,28000.0
521,5521,260.0
522,5522,53000.0
523,5523,120.0
524,5524,240.0
525,5525,38000.0
526,5526,650.0
527,5527,185000.0
528,5528,25000.0
529,5529,220.0
530,5530,80000.0
531,5531,87000.0
532,5532,600.0
533,5533,399990.0
534,5534,269990.0
535,5535,474990.0
536,5536,209990.0
537,5537,310800.0
538,5538,39900.0
539,5539,172000.0
540,5540,55000.0
541,5541,68000.0
542,5542,54000.0
543,5543,42000.0
544,5544,47800.0
545,5545,45500.0
546,5546,950.0
547,5547,145000.0
548,5548,95000.0
549,5549,109500.0
550,5550,
551,5551,
552,5552,
553,5553,262000.0
554,5554,500.0
555,5555,31000.0
556,5556,230.0
557,5557,70000.0
558,5558,30000.0
559,5559,54000.0
560,5560,1000.0
561,5561,450.0
562,5562,200.0
563,5563,2500.0
564,5564,258000.0
565,5565,410.0
566,5566,165.0
567,5567,820.0
568,5568,380.0
569,5569,145350.0
570,5570,40000.0
571,5571,43500.0
572,5572,169070.0
573,5573,850.0
574,5574,470.0
575,5575,310.0
576,5576,260.0
577,5577,60.0
578,5578,53500.0
579,5579,700.0
580,5580,
581,5581,
582,5582,48000.0
583,5583,
584,5584,
585,5585,700.0
586,5586,299000.0
587,5587,64500.0
588,5588,630.0
589,5589,350.0
590,5590,72300.0
591,5591,390.0
592,5592,
593,5593,
594,5594,
595,5595,
596,5596,
597,5597,
598,5598,1000.0
599,5599,33000.0
600,5600,180.0
601,5601,58300.0
602,5602,300.0
603,5603,35.0
604,5604,49000.0
605,5605,350000.0
606,5606,650.0
607,5607,250.0
608,5608,370.0
609,5609,390.0
610,5610,25.0
611,5611,550.0
612,5612,71915.0
613,5613,300.0
614,5614,220.0
615,5615,80000.0
616,5616,
617,5617,150000.0
618,5618,68000.0
619,5619,50000.0
620,5620,550.0
621,5621,
622,5622,112000.0
623,5623,110000.0
624,5624,33000.0
625,5625,28990.0
626,5626,49000.0
627,5627,200.0
628,5628,
629,5629,350.0
630,5630,200000.0
631,5631,49500.0
632,5632,550.0
633,5633,180.0
634,5634,
635,5635,159732.0
636,5636,450.0
637,5637,80000.0
638,5638,129500.0
639,5639,39500.0
640,5640,77950.0
641,5641,300.0
642,5642,350.0
643,5643,250.0
644,5644,53500.0
645,5645,200.0
646,5646,102000.0
647,5647,600.0
648,5648,65000.0
649,5649,110600.0
650,5650,39000.0
651,5651,400.0
652,5652,
653,5653,650.0
654,5654,17.0
655,5655,42000.0
656,5656,43300.0
657,5657,225000.0
658,5658,92800.0
659,5659,57800.0
660,5660,1200.0
661,5661,650.0
662,5662,
663,5663,34000.0
664,5664,34000.0
665,5665,79000.0
666,5666,58000.0
667,5667,350.0
668,5668,68000.0
669,5669,35000.0
670,5670,235.0
671,5671,360.0
672,5672,400.0
673,5673,250.0
674,5674,350.0
675,5675,31900.0
676,5676,1050.0
677,5677,500.0
678,5678,
679,5679,520.0
680,5680,43500.0
681,5681,43900.0
682,5682,31000.0
683,5683,200.0
684,5684,67500.0
685,5685,62000.0
686,5686,
687,5687,68500.0
688,5688,500.0
689,5689,60000.0
690,5690,750.0
691,5691,34000.0
692,5692,400.0
693,5693,700.0
694,5694,64480.0
695,5695,350.0
696,5696,33000.0
697,5697,250.0
698,5698,590.0
699,5699,58000.0
700,5700,520.0
701,5701,38999.0
702,5702,500.0
703,5703,670.0
704,5704,30500.0
705,5705,400.0
706,5706,260.0
707,5707,74500.0
708,5708,180.0
709,5709,650.0
710,5710,380.0
711,5711,50000.0
712,5712,300.0
713,5713,420.0
714,5714,260.0
715,5715,750.0
716,5716,1200.0
717,5717,87000.0
718,5718,45000.0
719,5719,53900.0
720,5720,75000.0
721,5721,650.0
722,5722,690.0
723,5723,38500.0
724,5724,260.0
725,5725,99029.0
726,5726,124000.0
727,5727,81400.0
728,5728,60500.0
729,5729,150.0
730,5730,169000.0
731,5731,115000.0
732,5732,129000.0
733,5733,160.0
734,5734,
735,5735,54000.0
736,5736,385000.0
737,5737,118000.0
738,5738,
739,5739,
740,5740,7900.0
741,5741,550.0
742,5742,19900.0
743,5743,230.0
744,5744,62000.0
745,5745,12000.0
746,5746,89900.0
747,5747,11800.0
748,5748,130.0
749,5749,43999.0
750,5750,36900.0
751,5751,120.0
752,5752,73000.0
753,5753,115000.0
754,5754,32900.0
755,5755,54000.0
756,5756,98000.0
757,5757,155.0
758,5758,81900.0
759,5759,30.0
760,5760,70000.0
761,5761,75000.0
762,5762,170.0
763,5763,86000.0
764,5764,47000.0
765,5765,165000.0
766,5766,27800.0
767,5767,80000.0
768,5768,67000.0
769,5769,77900.0
770,5770,52000.0
771,5771,42900.0
772,5772,60000.0
773,5773,250.0
774,5774,600.0
775,5775,164500.0
776,5776,60000.0
777,5777,200.0
778,5778,36900.0
779,5779,54300.0
780,5780,725.0
781,5781,62500.0
782,5782,
783,5783,54000.0
784,5784,85000.0
785,5785,26.0
786,5786,24700.0
787,5787,190.0
788,5788,350.0
789,5789,350.0
790,5790,320.0
791,5791,19.0
792,5792,230.0
793,5793,132000.0
794,5794,240.0
795,5795,35500.0
796,5796,300.0
797,5797,59500.0
798,5798,340.0
799,5799,690.0
800,5800,76000.0
801,5801,27000.0
802,5802,250.0
803,5803,142000.0
804,5804,800.0
805,5805,102480.0
806,5806,27.0
807,5807,91000.0
808,5808,
809,5809,11000.0
810,5810,66000.0
811,5811,59000.0
812,5812,20700.0
813,5813,350.0
814,5814,500.0
815,5815,330.0
816,5816,340.0
817,5817,119000.0
818,5818,220.0
819,5819,333000.0
820,5820,220.0
821,5821,
822,5822,
823,5823,
824,5824,
825,5825,65000.0
826,5826,35.0
827,5827,390.0
828,5828,240.0
829,5829,37000.0
830,5830,60000.0
831,5831,140.0
832,5832,97010.0
833,5833,650.0
834,5834,53800.0
835,5835,
836,5836,27900.0
837,5837,69900.0
838,5838,330.0
839,5839,295.0
840,5840,76000.0
841,5841,500.0
842,5842,51000.0
843,5843,60500.0
844,5844,18000.0
845,5845,33000.0
846,5846,155000.0
847,5847,73900.0
848,5848,59700.0
849,5849,200000.0
850,5850,280.0
851,5851,220.0
852,5852,50000.0
853,5853,45900.0
854,5854,58900.0
855,5855,95800.0
856,5856,135.0
857,5857,250.0
858,5858,900.0
859,5859,295.0
860,5860,
861,5861,
862,5862,
863,5863,
864,5864,
865,5865,75000.0
866,5866,45000.0
867,5867,450.0
868,5868,198223.0
869,5869,130300.0
870,5870,220.0
871,5871,450.0
872,5872,15500.0
873,5873,270000.0
874,5874,95000.0
875,5875,53000.0
876,5876,105000.0
877,5877,110000.0
878,5878,152475.0
879,5879,48000.0
880,5880,43.0
881,5881,49000.0
882,5882,
883,5883,54900.0
884,5884,79000.0
885,5885,17900.0
886,5886,35000.0
887,5887,103000.0
888,5888,26500.0
889,5889,175000.0
890,5890,79000.0
891,5891,400.0
892,5892,650.0
893,5893,650.0
894,5894,650.0
895,5895,92990.0
896,5896,49990.0
897,5897,48300.0
898,5898,61990.0
899,5899,51990.0
900,5900,50990.0
901,5901,124990.0
902,5902,139990.0
903,5903,30500.0
904,5904,32700.0
905,5905,25.0
906,5906,37900.0
907,5907,55300.0
908,5908,160.0
909,5909,64000.0
910,5910,50000.0
911,5911,46700.0
912,5912,265.0
913,5913,32000.0
914,5914,185000.0
915,5915,230.0
916,5916,59000.0
917,5917,310.0
918,5918,210000.0
919,5919,128000.0
920,5920,115000.0
921,5921,18800.0
922,5922,49000.0
923,5923,64000.0
924,5924,48285.0
925,5925,96000.0
926,5926,280.0
927,5927,69600.0
928,5928,72495.0
929,5929,300.0
930,5930,199500.0
931,5931,37000.0
932,5932,170000.0
933,5933,270.0
934,5934,15999.0
935,5935,45000.0
936,5936,82000.0
937,5937,900.0
938,5938,300.0
939,5939,760.0
940,5940,52000.0
941,5941,35000.0
942,5942,51000.0
943,5943,43500.0
944,5944,1100.0
945,5945,32900.0
946,5946,74500.0
947,5947,1800.0
948,5948,1600.0
949,5949,320.0
950,5950,76494.0
951,5951,108000.0
952,5952,40000.0
953,5953,31900.0
954,5954,44988.0
955,5955,45500.0
956,5956,25000.0
957,5957,165.0
958,5958,300.0
959,5959,34000.0
960,5960,
961,5961,
962,5962,
963,5963,400.0
964,5964,260.0
965,5965,434000.0
966,5966,125.0
967,5967,45000.0
968,5968,330.0
969,5969,25.0
970,5970,47800.0
971,5971,54900.0
972,5972,1200.0
973,5973,700.0
974,5974,2200.0
975,5975,300.0
976,5976,118000.0
977,5977,230.0
978,5978,70000.0
979,5979,600.0
980,5980,250.0
981,5981,73500.0
982,5982,53500.0
983,5983,290.0
984,5984,450.0
985,5985,300.0
986,5986,97000.0
987,5987,44900.0
988,5988,42900.0
989,5989,51000.0
990,5990,250.0
991,5991,33550.0
992,5992,21990.0
993,5993,169000.0
994,5994,101525.0
995,5995,750.0
996,5996,153500.0
997,5997,70000.0
998,5998,400.0
999,5999,164900.0
1000,6000,218000.0
1001,6001,61500.0
1002,6002,26000.0
1003,6003,65500.0
1004,6004,190.0
1005,6005,198000.0
1006,6006,144000.0
1007,6007,
1008,6008,92700.0
1009,6009,127500.0
1010,6010,230000.0
1011,6011,33500.0
1012,6012,220.0
1013,6013,34450.0
1014,6014,139000.0
1015,6015,51900.0
1016,6016,1350.0
1017,6017,57850.0
1018,6018,87000.0
1019,6019,7900.0
1020,6020,17500.0
1021,6021,59500.0
1022,6022,628.0
1023,6023,900.0
1024,6024,850.0
1025,6025,142000.0
1026,6026,22500.0
1027,6027,300000.0
1028,6028,25000.0
1029,6029,153000.0
1030,6030,45000.0
1031,6031,25.0
1032,6032,84000.0
1033,6033,41500.0
1034,6034,330.0
1035,6035,51500.0
1036,6036,680.0
1037,6037,1100.0
1038,6038,75000.0
1039,6039,225000.0
1040,6040,500.0
1041,6041,
1042,6042,
1043,6043,
1044,6044,
1045,6045,300.0
1046,6046,480.0
1047,6047,89100.0
1048,6048,33500.0
1049,6049,132000.0
1050,6050,76800.0
1051,6051,46000.0
1052,6052,34500.0
1053,6053,
1054,6054,600.0
1055,6055,150.0
1056,6056,74000.0
1057,6057,850.0
1058,6058,710.0
1059,6059,49.0
1060,6060,30.0
1061,6061,400000.0
1062,6062,560.0
1063,6063,51000.0
1064,6064,180.0
1065,6065,86460.0
1066,6066,1000.0
1067,6067,39500.0
1068,6068,178200.0
1069,6069,890.0
1070,6070,700.0
1071,6071,300.0
1072,6072,300.0
1073,6073,45000.0
1074,6074,290.0
1075,6075,72600.0
1076,6076,30000.0
1077,6077,460.0
1078,6078,56999.0
1079,6079,280.0
1080,6080,144000.0
1081,6081,115000.0
1082,6082,105850.0
1083,6083,470.0
1084,6084,115000.0
1085,6085,430.0
1086,6086,220.0
1087,6087,119000.0
1088,6088,450.0
1089,6089,58000.0
1090,6090,91000.0
1091,6091,1500.0
1092,6092,420.0
1093,6093,300.0
1094,6094,62000.0
1095,6095,51000.0
1096,6096,330.0
1097,6097,250.0
1098,6098,17000.0
1099,6099,54000.0
1100,6100,
1101,6101,
1102,6102,58200.0
1103,6103,48000.0
1104,6104,147000.0
1105,6105,280.0
1106,6106,35500.0
1107,6107,125000.0
1108,6108,260000.0
1109,6109,116000.0
1110,6110,525.0
1111,6111,820.0
1112,6112,72700.0
1113,6113,31000.0
1114,6114,135000.0
1115,6115,24750.0
1116,6116,27300.0
1117,6117,79580.0
1118,6118,32000.0
1119,6119,170.0
1120,6120,31000.0
1121,6121,210000.0
1122,6122,380.0
1123,6123,260000.0
1124,6124,41000.0
1125,6125,117000.0
1126,6126,19500.0
1127,6127,285.0
1128,6128,439000.0
1129,6129,450.0
1130,6130,380.0
1131,6131,105100.0
1132,6132,330.0
1133,6133,350.0
1134,6134,750.0
1135,6135,270.0
1136,6136,
1137,6137,55000.0
1138,6138,500.0
1139,6139,85000.0
1140,6140,147000.0
1141,6141,142000.0
1142,6142,116000.0
1143,6143,162000.0
1144,6144,30000.0
1145,6145,57800.0
1146,6146,360.0
1147,6147,55300.0
1148,6148,470.0
1149,6149,55000.0
1150,6150,33000.0
1151,6151,28800.0
1152,6152,69000.0
1153,6153,350.0
1154,6154,25000.0
1155,6155,490.0
1156,6156,1100.0
1157,6157,60.0
1158,6158,27990.0
1159,6159,51000.0
1160,6160,36000.0
1161,6161,128000.0
1162,6162,95000.0
1163,6163,68000.0
1164,6164,40800.0
1165,6165,63000.0
1166,6166,
1167,6167,54000.0
1168,6168,330.0
1169,6169,190000.0
1170,6170,250.0
1171,6171,54990.0
1172,6172,240.0
1173,6173,350.0
1174,6174,199950.0
1175,6175,247000.0
1176,6176,47000.0
1177,6177,110.0
1178,6178,38000.0
1179,6179,150000.0
1180,6180,76000.0
1181,6181,38000.0
1182,6182,32000.0
1183,6183,350.0
1184,6184,618995.0
1185,6185,300000.0
1186,6186,450000.0
1187,6187,350.0
1188,6188,225000.0
1189,6189,
1190,6190,268000.0
1191,6191,279000.0
1192,6192,156000.0
1193,6193,350000.0
1194,6194,250000.0
1195,6195,240000.0
1196,6196,225000.0
1197,6197,260000.0
1198,6198,330000.0
1199,6199,80000.0
1200,6200,200.0
1201,6201,200.0
1202,6202,152966.0
1203,6203,430.0
1204,6204,820.0
1205,6205,165308.0
1206,6206,700.0
1207,6207,520.0
1208,6208,225.0
1209,6209,7500.0
1210,6210,78950.0
1211,6211,36750.0
1212,6212,216000.0
1213,6213,39000.0
1214,6214,125000.0
1215,6215,44500.0
1216,6216,32500.0
1217,6217,125000.0
1218,6218,550.0
1219,6219,25.0
1220,6220,27500.0
1221,6221,34500.0
1222,6222,64000.0
1223,6223,273000.0
1224,6224,27900.0
1225,6225,79000.0
1226,6226,53000.0
1227,6227,
1228,6228,63000.0
1229,6229,14900.0
1230,6230,88600.0
1231,6231,67000.0
1232,6232,30.0
1233,6233,37500.0
1234,6234,240.0
1235,6235,330.0
1236,6236,5000.0
1237,6237,85500.0
1238,6238,
1239,6239,490.0
1240,6240,55000.0
1241,6241,99900.0
1242,6242,750.0
1243,6243,400.0
1244,6244,63000.0
1245,6245,47000.0
1246,6246,700.0
1247,6247,550.0
1248,6248,127000.0
1249,6249,450.0
1250,6250,150000.0
1251,6251,52000.0
1252,6252,38300.0
1253,6253,39.0
1254,6254,35800.0
1255,6255,35.0
1256,6256,45200.0
1257,6257,25.0
1258,6258,298500.0
1259,6259,89000.0
1260,6260,300000.0
1261,6261,125000.0
1262,6262,850.0
1263,6263,135000.0
1264,6264,420.0
1265,6265,350.0
1266,6266,1150.0
1267,6267,200.0
1268,6268,140.0
1269,6269,78000.0
1270,6270,260.0
1271,6271,37500.0
1272,6272,85000.0
1273,6273,89500.0
1274,6274,158000.0
1275,6275,195000.0
1276,6276,400.0
1277,6277,84000.0
1278,6278,58500.0
1279,6279,119000.0
1280,6280,27900.0
1281,6281,230.0
1282,6282,75200.0
1283,6283,500.0
1284,6284,51000.0
1285,6285,65000.0
1286,6286,45500.0
1287,6287,500.0
1288,6288,258000.0
1289,6289,300.0
1290,6290,850.0
1291,6291,95000.0
1292,6292,490.0
1293,6293,330.0
1294,6294,280.0
1295,6295,350.0
1296,6296,250.0
1297,6297,138000.0
1298,6298,71000.0
1299,6299,76000.0
1300,6300,160000.0
1301,6301,1300.0
1302,6302,100.0
1303,6303,1200.0
1304,6304,272600.0
1305,6305,690.0
1306,6306,1400.0
1307,6307,480.0
1308,6308,59500.0
1309,6309,500.0
1310,6310,600.0
1311,6311,53550.0
1312,6312,550.0
1313,6313,23000.0
1314,6314,134000.0
1315,6315,34900.0
1316,6316,680.0
1317,6317,340.0
1318,6318,130.0
1319,6319,180000.0
1320,6320,290.0
1321,6321,225.0
1322,6322,290.0
1323,6323,30.0
1324,6324,35000.0
1325,6325,38700.0
1326,6326,680.0
1327,6327,660.0
1328,6328,60000.0
1329,6329,800.0
1330,6330,24000.0
1331,6331,35.0
1332,6332,210000.0
1333,6333,37500.0
1334,6334,690.0
1335,6335,189805.0
1336,6336,250.0
1337,6337,450.0
1338,6338,299.0
1339,6339,230.0
1340,6340,670.0
1341,6341,
1342,6342,42999.0
1343,6343,33500.0
1344,6344,45000.0
1345,6345,29600.0
1346,6346,35000.0
1347,6347,64000.0
1348,6348,50.0
1349,6349,33000.0
1350,6350,96000.0
1351,6351,18500.0
1352,6352,450.0
1353,6353,1600.0
1354,6354,210.0
1355,6355,65000.0
1356,6356,209000.0
1357,6357,320.0
1358,6358,
1359,6359,
1360,6360,
1361,6361,
1362,6362,
1363,6363,
1364,6364,480.0
1365,6365,
1366,6366,
1367,6367,
1368,6368,800.0
1369,6369,
1370,6370,375.0
1371,6371,24000.0
1372,6372,76000.0
1373,6373,65000.0
1374,6374,40000.0
1375,6375,80000.0
1376,6376,490.0
1377,6377,145000.0
1378,6378,350.0
1379,6379,168000.0
1380,6380,520.0
1381,6381,
1382,6382,
1383,6383,
1384,6384,
1385,6385,
1386,6386,44500.0
1387,6387,104949.0
1388,6388,133722.0
1389,6389,87365.0
1390,6390,130203.0
1391,6391,130985.0
1392,6392,79502.0
1393,6393,31000.0
1394,6394,45000.0
1395,6395,43000.0
1396,6396,45000.0
1397,6397,109000.0
1398,6398,101200.0
1399,6399,259737.0
1400,6400,259737.0
1401,6401,145000.0
1402,6402,45000.0
1403,6403,101693.0
1404,6404,64000.0
1405,6405,
1406,6406,1150.0
1407,6407,480.0
1408,6408,800.0
1409,6409,43900.0
1410,6410,580.0
1411,6411,
1412,6412,
1413,6413,
1414,6414,
1415,6415,
1416,6416,
1417,6417,
1418,6418,
1419,6419,390.0
1420,6420,35000.0
1421,6421,250.0
1422,6422,143000.0
1423,6423,140000.0
1424,6424,160000.0
1425,6425,116000.0
1426,6426,
1427,6427,43900.0
1428,6428,40000.0
1429,6429,68000.0
1430,6430,18000.0
1431,6431,650.0
1432,6432,46900.0
1433,6433,169000.0
1434,6434,39000.0
1435,6435,290.0
1436,6436,49000.0
1437,6437,270.0
1438,6438,71100.0
1439,6439,
1440,6440,270000.0
1441,6441,410.0
1442,6442,324.0
1443,6443,330.0
1444,6444,200.0
1445,6445,80000.0
1446,6446,155000.0
1447,6447,133280.0
1448,6448,39500.0
1449,6449,98900.0
1450,6450,125000.0
1451,6451,27000.0
1452,6452,57000.0
1453,6453,580.0
1454,6454,800.0
1455,6455,6900.0
1456,6456,51000.0
1457,6457,36500.0
1458,6458,58905.0
1459,6459,430.0
1460,6460,75000.0
1461,6461,72000.0
1462,6462,220.0
1463,6463,36400.0
1464,6464,55000.0
1465,6465,75000.0
1466,6466,35000.0
1467,6467,79999.0
1468,6468,75708.0
1469,6469,114900.0
1470,6470,78000.0
1471,6471,59.0
1472,6472,119800.0
1473,6473,
1474,6474,480.0
1475,6475,
1476,6476,
1477,6477,335.0
1478,6478,58000.0
1479,6479,280.0
1480,6480,46400.0
1481,6481,59500.0
1482,6482,
1483,6483,46800.0
1484,6484,20500.0
1485,6485,43900.0
1486,6486,14500.0
1487,6487,220.0
1488,6488,275000.0
1489,6489,420.0
1490,6490,106100.0
1491,6491,25.0
1492,6492,137000.0
1493,6493,143000.0
1494,6494,130.0
1495,6495,28000.0
1496,6496,125000.0
1497,6497,
1498,6498,31000.0
1499,6499,34000.0
1500,6500,60000.0
1501,6501,250.0
1502,6502,295.0
1503,6503,250.0
1504,6504,13000.0
1505,6505,114000.0
1506,6506,350.0
1507,6507,35000.0
1508,6508,46000.0
1509,6509,180.0
1510,6510,290.0
1511,6511,67000.0
1512,6512,45000.0
1513,6513,235.0
1514,6514,103000.0
1515,6515,670.0
1516,6516,162000.0
1517,6517,
1518,6518,
1519,6519,147000.0
1520,6520,32.0
1521,6521,15.0
1522,6522,300.0
1523,6523,135000.0
1524,6524,80000.0
1525,6525,57500.0
1526,6526,230.0
1527,6527,100.0
1528,6528,49000.0
1529,6529,15000.0
1530,6530,197000.0
1531,6531,42000.0
1532,6532,180000.0
1533,6533,155000.0
1534,6534,144000.0
1535,6535,
1536,6536,1000.0
1537,6537,42900.0
1538,6538,
1539,6539,113500.0
1540,6540,72000.0
1541,6541,145000.0
1542,6542,250.0
1543,6543,59000.0
1544,6544,27.0
1545,6545,85900.0
1546,6546,38406.0
1547,6547,250.0
1548,6548,44.0
1549,6549,44.0
1550,6550,89000.0
1551,6551,
1552,6552,95000.0
1553,6553,300.0
1554,6554,47500.0
1555,6555,200.0
1556,6556,10400.0
1557,6557,81184.0
1558,6558,57000.0
1559,6559,52000.0
1560,6560,45000.0
1561,6561,80000.0
1562,6562,64900.0
1563,6563,450.0
1564,6564,
1565,6565,
1566,6566,
1567,6567,170000.0
1568,6568,
1569,6569,75000.0
1570,6570,75000.0
1571,6571,47000.0
1572,6572,39500.0
1573,6573,125000.0
1574,6574,125000.0
1575,6575,45000.0
1576,6576,
1577,6577,149810.0
1578,6578,96390.0
1579,6579,240000.0
1580,6580,
1581,6581,
1582,6582,
1583,6583,100000.0
1584,6584,205000.0
1585,6585,121000.0
1586,6586,58900.0
1587,6587,73000.0
1588,6588,40.0
1589,6589,37000.0
1590,6590,72000.0
1591,6591,55000.0
1592,6592,350.0
1593,6593,55900.0
1594,6594,62800.0
1595,6595,
1596,6596,21900.0
1597,6597,42900.0
1598,6598,39999.0
1599,6599,32900.0
1600,6600,15.0
1601,6601,5.0
1602,6602,54000.0
1603,6603,1600.0
1604,6604,119000.0
1605,6605,
1606,6606,
1607,6607,
1608,6608,
1609,6609,
1610,6610,
1611,6611,
1612,6612,
1613,6613,
1614,6614,179800.0
1615,6615,63000.0
1616,6616,250.0
1617,6617,41000.0
1618,6618,120000.0
1619,6619,82000.0
1620,6620,38000.0
1621,6621,87000.0
1622,6622,
1623,6623,42000.0
1624,6624,200.0
1625,6625,76000.0
1626,6626,220.0
1627,6627,215.0
1628,6628,200.0
1629,6629,67000.0
1630,6630,
1631,6631,83000.0
1632,6632,50000.0
1633,6633,170.0
1634,6634,27300.0
1635,6635,42000.0
1636,6636,900.0
1637,6637,99000.0
1638,6638,107500.0
1639,6639,365000.0
1640,6640,164000.0
1641,6641,520.0
1642,6642,151000.0
1643,6643,380.0
1644,6644,110500.0
1645,6645,110000.0
1646,6646,600.0
1647,6647,71300.0
1648,6648,250.0
1649,6649,180.0
1650,6650,225000.0
1651,6651,57000.0
1652,6652,800.0
1653,6653,130000.0
1654,6654,350.0
1655,6655,129000.0
1656,6656,75000.0
1657,6657,1200.0
1658,6658,58800.0
1659,6659,143000.0
1660,6660,31300.0
1661,6661,175.0
1662,6662,39000.0
1663,6663,125000.0
1664,6664,360.0
1665,6665,34900.0
1666,6666,129000.0
1667,6667,77000.0
1668,6668,340000.0
1669,6669,12800.0
1670,6670,250000.0
1671,6671,179000.0
1672,6672,370.0
1673,6673,315000.0
1674,6674,350.0
1675,6675,103000.0
1676,6676,46000.0
1677,6677,6890.0
1678,6678,9490.0
1679,6679,192000.0
1680,6680,102000.0
1681,6681,49000.0
1682,6682,125000.0
1683,6683,150.0
1684,6684,109000.0
1685,6685,74000.0
1686,6686,165000.0
1687,6687,1370.0
1688,6688,229000.0
1689,6689,185000.0
1690,6690,230.0
1691,6691,130500.0
1692,6692,89000.0
1693,6693,450.0
1694,6694,345000.0
1695,6695,445000.0
1696,6696,350000.0
1697,6697,120000.0
1698,6698,
1699,6699,275000.0
1700,6700,330.0
1701,6701,45000.0
1702,6702,40.0
1703,6703,140.0
1704,6704,110625.0
1705,6705,225.0
1706,6706,190.0
1707,6707,115000.0
1708,6708,61000.0
1709,6709,68000.0
1710,6710,61000.0
1711,6711,350.0
1712,6712,25.0
1713,6713,260000.0
1714,6714,53000.0
1715,6715,189950.0
1716,6716,250000.0
1717,6717,140000.0
1718,6718,21000.0
1719,6719,
1720,6720,370.0
1721,6721,49850.0
1722,6722,160000.0
1723,6723,30.0
1724,6724,63350.0
1725,6725,600.0
1726,6726,89900.0
1727,6727,16800.0
1728,6728,33800.0
1729,6729,45000.0
1730,6730,45000.0
1731,6731,55900.0
1732,6732,74800.0
1733,6733,63800.0
1734,6734,330000.0
1735,6735,128000.0
1736,6736,78000.0
1737,6737,360.0
1738,6738,24500.0
1739,6739,53000.0
1740,6740,1475.0
1741,6741,
1742,6742,158000.0
1743,6743,295000.0
1744,6744,111980.0
1745,6745,68540.0
1746,6746,330.0
1747,6747,500.0
1748,6748,190.0
1749,6749,164800.0
1750,6750,28000.0
1751,6751,48000.0
1752,6752,73400.0
1753,6753,320000.0
1754,6754,205700.0
1755,6755,330000.0
1756,6756,79900.0
1757,6757,250.0
1758,6758,110000.0
1759,6759,235.0
1760,6760,49000.0
1761,6761,53500.0
1762,6762,1200.0
1763,6763,950.0
1764,6764,49000.0
1765,6765,47000.0
1766,6766,350.0
1767,6767,83100.0
1768,6768,40500.0
1769,6769,165000.0
1770,6770,93000.0
1771,6771,35.0
1772,6772,65000.0
1773,6773,30000.0
1774,6774,59800.0
1775,6775,200.0
1776,6776,30800.0
1777,6777,139900.0
1778,6778,430000.0
1779,6779,47700.0
1780,6780,57600.0
1781,6781,650.0
1782,6782,295.0
1783,6783,310.0
1784,6784,135.0
1785,6785,70.0
1786,6786,47000.0
1787,6787,150.0
1788,6788,28000.0
1789,6789,26000.0
1790,6790,130180.0
1791,6791,500.0
1792,6792,199000.0
1793,6793,169900.0
1794,6794,55000.0
1795,6795,35.0
1796,6796,26500.0
1797,6797,43400.0
1798,6798,140000.0
1799,6799,53000.0
1800,6800,215000.0
1801,6801,390.0
1802,6802,11800.0
1803,6803,
1804,6804,200.0
1805,6805,138000.0
1806,6806,125000.0
1807,6807,65800.0
1808,6808,700.0
1809,6809,240.0
1810,6810,
1811,6811,
1812,6812,
1813,6813,50000.0
1814,6814,325000.0
1815,6815,250.0
1816,6816,85000.0
1817,6817,850.0
1818,6818,185000.0
1819,6819,1400.0
1820,6820,72000.0
1821,6821,780.0
1822,6822,119000.0
1823,6823,
1824,6824,166000.0
1825,6825,180.0
1826,6826,120000.0
1827,6827,225000.0
1828,6828,169000.0
1829,6829,131000.0
1830,6830,38000.0
1831,6831,200000.0
1832,6832,370.0
1833,6833,
1834,6834,260.0
1835,6835,54991.0
1836,6836,62000.0
1837,6837,77000.0
1838,6838,130000.0
1839,6839,70000.0
1840,6840,35.0
1841,6841,72000.0
1842,6842,106000.0
1843,6843,64955.0
1844,6844,147000.0
1845,6845,38000.0
1846,6846,32000.0
1847,6847,231000.0
1848,6848,143000.0
1849,6849,237000.0
1850,6850,280.0
1851,6851,1780.0
1852,6852,63500.0
1853,6853,43700.0
1854,6854,76000.0
1855,6855,300.0
1856,6856,35000.0
1857,6857,60900.0
1858,6858,450.0
1859,6859,160000.0
1860,6860,290.0
1861,6861,59900.0
1862,6862,57500.0
1863,6863,390.0
1864,6864,580.0
1865,6865,1450.0
1866,6866,1450.0
1867,6867,1450.0
1868,6868,60000.0
1869,6869,59000.0
1870,6870,76372.0
1871,6871,60000.0
1872,6872,
1873,6873,39990.0
1874,6874,600.0
1875,6875,600.0
1876,6876,200.0
1877,6877,
1878,6878,72000.0
1879,6879,124900.0
1880,6880,630.0
1881,6881,110000.0
1882,6882,40.0
1883,6883,200000.0
1884,6884,75000.0
1885,6885,350.0
1886,6886,700.0
1887,6887,70000.0
1888,6888,99703.0
1889,6889,72000.0
1890,6890,84000.0
1891,6891,320.0
1892,6892,
1893,6893,
1894,6894,68540.0
1895,6895,45000.0
1896,6896,700.0
1897,6897,331000.0
1898,6898,27000.0
1899,6899,39800.0
1900,6900,525.0
1901,6901,41500.0
1902,6902,52900.0
1903,6903,99000.0
1904,6904,101000.0
1905,6905,850.0
1906,6906,68000.0
1907,6907,43000.0
1908,6908,91000.0
1909,6909,100000.0
1910,6910,220.0
1911,6911,88500.0
1912,6912,64000.0
1913,6913,118000.0
1914,6914,121000.0
1915,6915,300.0
1916,6916,2500.0
1917,6917,850.0
1918,6918,240000.0
1919,6919,33800.0
1920,6920,125000.0
1921,6921,
1922,6922,550.0
1923,6923,35000.0
1924,6924,850.0
1925,6925,215000.0
1926,6926,35.0
1927,6927,30.0
1928,6928,20.0
1929,6929,165000.0
1930,6930,32000.0
1931,6931,228000.0
1932,6932,120000.0
1933,6933,150000.0
1934,6934,146000.0
1935,6935,184000.0
1936,6936,91000.0
1937,6937,44800.0
1938,6938,115000.0
1939,6939,115000.0
1940,6940,145000.0
1941,6941,229000.0
1942,6942,260000.0
1943,6943,69000.0
1944,6944,250.0
1945,6945,56500.0
1946,6946,41500.0
1947,6947,620.0
1948,6948,38500.0
1949,6949,67500.0
1950,6950,280.0
1951,6951,32000.0
1952,6952,71000.0
1953,6953,143000.0
1954,6954,65000.0
1955,6955,250.0
1956,6956,58500.0
1957,6957,33500.0
1958,6958,140000.0
1959,6959,300.0
1960,6960,15.0
1961,6961,350000.0
1962,6962,6900.0
1963,6963,178500.0
1964,6964,420.0
1965,6965,320000.0
1966,6966,40000.0
1967,6967,
1968,6968,33000.0
1969,6969,43000.0
1970,6970,290000.0
1971,6971,240000.0
1972,6972,252000.0
1973,6973,26000.0
1974,6974,32000.0
1975,6975,274000.0
1976,6976,157000.0
1977,6977,12000.0
1978,6978,72000.0
1979,6979,
1980,6980,280.0
1981,6981,250.0
1982,6982,51500.0
1983,6983,77000.0
1984,6984,14000.0
1985,6985,800.0
1986,6986,68000.0
1987,6987,288888.0
1988,6988,52000.0
1989,6989,85.0
1990,6990,165000.0
1991,6991,35.0
1992,6992,195000.0
1993,6993,64500.0
1994,6994,15890.0
1995,6995,11000.0
1996,6996,
1997,6997,40000.0
1998,6998,288888.0
1999,6999,700.0
2000,7000,45000.0
2001,7001,45000.0
2002,7002,52000.0
2003,7003,267960.0
2004,7004,400.0
2005,7005,99900.0
2006,7006,72000.0
2007,7007,167000.0
2008,7008,59600.0
2009,7009,90000.0
2010,7010,50000.0
2011,7011,168000.0
2012,7012,230.0
2013,7013,57000.0
2014,7014,300.0
2015,7015,211000.0
2016,7016,120000.0
2017,7017,
2018,7018,35.0
2019,7019,109900.0
2020,7020,185000.0
2021,7021,2600.0
2022,7022,85000.0
2023,7023,82000.0
2024,7024,94000.0
2025,7025,220500.0
2026,7026,127700.0
2027,7027,399000.0
2028,7028,
2029,7029,
2030,7030,255.0
2031,7031,117000.0
2032,7032,2000.0
2033,7033,29000.0
2034,7034,500.0
2035,7035,110000.0
2036,7036,420000.0
2037,7037,51000.0
2038,7038,55000.0
2039,7039,49000.0
2040,7040,780.0
2041,7041,125000.0
2042,7042,498000.0
2043,7043,
2044,7044,
2045,7045,
2046,7046,
2047,7047,224500.0
2048,7048,700.0
2049,7049,135000.0
2050,7050,95777.0
2051,7051,35.0
2052,7052,230.0
2053,7053,30.0
2054,7054,35000.0
2055,7055,220.0
2056,7056,30.0
2057,7057,55000.0
2058,7058,145000.0
2059,7059,47500.0
2060,7060,8700.0
2061,7061,330.0
2062,7062,122000.0
2063,7063,124000.0
2064,7064,199400.0
2065,7065,250.0
2066,7066,99000.0
2067,7067,590.0
2068,7068,149810.0
2069,7069,55000.0
2070,7070,300.0
2071,7071,350.0
2072,7072,110000.0
2073,7073,92750.0
2074,7074,850.0
2075,7075,180.0
2076,7076,390.0
2077,7077,180000.0
2078,7078,81000.0
2079,7079,320.0
2080,7080,49000.0
2081,7081,103000.0
2082,7082,37000.0
2083,7083,520.0
2084,7084,
2085,7085,
2086,7086,
2087,7087,175.0
2088,7088,40500.0
2089,7089,49990.0
2090,7090,73990.0
2091,7091,87990.0
2092,7092,64990.0
2093,7093,43990.0
2094,7094,41442.0
2095,7095,58990.0
2096,7096,500.0
2097,7097,84990.0
2098,7098,49400.0
2099,7099,64990.0
2100,7100,86000.0
2101,7101,45000.0
2102,7102,47000.0
2103,7103,142000.0
2104,7104,115000.0
2105,7105,115000.0
2106,7106,33500.0
2107,7107,36000.0
2108,7108,22000.0
2109,7109,40000.0
2110,7110,59500.0
2111,7111,120.0
2112,7112,
2113,7113,
2114,7114,
2115,7115,
2116,7116,
2117,7117,
2118,7118,
2119,7119,142000.0
2120,7120,250.0
2121,7121,200.0
2122,7122,15000.0
2123,7123,53000.0
2124,7124,40000.0
2125,7125,800.0
2126,7126,125000.0
2127,7127,550.0
2128,7128,450.0
2129,7129,25000.0
2130,7130,51000.0
2131,7131,53000.0
2132,7132,100000.0
2133,7133,230.0
2134,7134,
2135,7135,320000.0
2136,7136,199500.0
2137,7137,
2138,7138,
2139,7139,89000.0
2140,7140,11900.0
2141,7141,400.0
2142,7142,290.0
2143,7143,10.0
2144,7144,
2145,7145,19000.0
2146,7146,700.0
2147,7147,51000.0
2148,7148,58000.0
2149,7149,179800.0
2150,7150,560.0
2151,7151,45.0
2152,7152,57000.0
2153,7153,
2154,7154,144200.0
2155,7155,
2156,7156,550.0
2157,7157,57500.0
2158,7158,62000.0
2159,7159,120000.0
2160,7160,52900.0
2161,7161,180.0
2162,7162,400.0
2163,7163,31500.0
2164,7164,41800.0
2165,7165,5500.0
2166,7166,63500.0
2167,7167,2200.0
2168,7168,77000.0
2169,7169,37900.0
2170,7170,105000.0
2171,7171,430.0
2172,7172,49200.0
2173,7173,60000.0
2174,7174,596000.0
2175,7175,42000.0
2176,7176,85000.0
2177,7177,29500.0
2178,7178,273000.0
2179,7179,47000.0
2180,7180,68000.0
2181,7181,185.0
2182,7182,67500.0
2183,7183,53500.0
2184,7184,260000.0
2185,7185,130000.0
2186,7186,31000.0
2187,7187,72000.0
2188,7188,52900.0
2189,7189,540.0
2190,7190,199400.0
2191,7191,143000.0
2192,7192,157000.0
2193,7193,650.0
2194,7194,340.0
2195,7195,65000.0
2196,7196,49000.0
2197,7197,14700.0
2198,7198,49.0
2199,7199,152800.0
2200,7200,255000.0
2201,7201,500.0
2202,7202,162100.0
2203,7203,950.0
2204,7204,123000.0
2205,7205,780.0
2206,7206,850.0
2207,7207,950.0
2208,7208,780.0
2209,7209,79900.0
2210,7210,380.0
2211,7211,350.0
2212,7212,159000.0
2213,7213,45300.0
2214,7214,370.0
2215,7215,40000.0
2216,7216,230000.0
2217,7217,
2218,7218,37500.0
2219,7219,46000.0
2220,7220,310.0
2221,7221,158000.0
2222,7222,700.0
2223,7223,99000.0
2224,7224,780.0
2225,7225,95000.0
2226,7226,60000.0
2227,7227,700.0
2228,7228,58000.0
2229,7229,270.0
2230,7230,45000.0
2231,7231,41000.0
2232,7232,145000.0
2233,7233,
2234,7234,
2235,7235,
2236,7236,160000.0
2237,7237,
2238,7238,
2239,7239,
2240,7240,
2241,7241,
2242,7242,
2243,7243,270.0
2244,7244,39999.0
2245,7245,89999.0
2246,7246,76999.0
2247,7247,59990.0
2248,7248,295000.0
2249,7249,350.0
2250,7250,65000.0
2251,7251,325.0
2252,7252,32000.0
2253,7253,400.0
2254,7254,34000.0
2255,7255,97000.0
2256,7256,60000.0
2257,7257,190000.0
2258,7258,129000.0
2259,7259,133000.0
2260,7260,57000.0
2261,7261,
2262,7262,55500.0
2263,7263,149810.0
2264,7264,126400.0
2265,7265,18000.0
2266,7266,84300.0
2267,7267,64000.0
2268,7268,43000.0
2269,7269,48000.0
2270,7270,65000.0
2271,7271,120.0
2272,7272,420.0
2273,7273,61500.0
2274,7274,36300.0
2275,7275,620.0
2276,7276,215000.0
2277,7277,
2278,7278,65000.0
2279,7279,115000.0
2280,7280,995.0
2281,7281,43500.0
2282,7282,37000.0
2283,7283,83000.0
2284,7284,37000.0
2285,7285,49980.0
2286,7286,23.0
2287,7287,400.0
2288,7288,220.0
2289,7289,150.0
2290,7290,130.0
2291,7291,260.0
2292,7292,480.0
2293,7293,320.0
2294,7294,17750.0
2295,7295,18700.0
2296,7296,58000.0
2297,7297,60.0
2298,7298,105000.0
2299,7299,92000.0
2300,7300,150000.0
2301,7301,60000.0
2302,7302,24900.0
2303,7303,
2304,7304,38500.0
2305,7305,38000.0
2306,7306,
2307,7307,330.0
2308,7308,36500.0
2309,7309,350.0
2310,7310,300.0
2311,7311,169000.0
2312,7312,330.0
2313,7313,13700.0
2314,7314,45700.0
2315,7315,44200.0
2316,7316,
2317,7317,25.0
2318,7318,250.0
2319,7319,55.0
2320,7320,540.0
2321,7321,28880.0
2322,7322,44500.0
2323,7323,
2324,7324,
2325,7325,46900.0
2326,7326,39000.0
2327,7327,250.0
2328,7328,450.0
2329,7329,75000.0
2330,7330,
2331,7331,990.0
2332,7332,113000.0
2333,7333,
2334,7334,
2335,7335,
2336,7336,
2337,7337,
2338,7338,
2339,7339,
2340,7340,
2341,7341,
2342,7342,
2343,7343,
2344,7344,
2345,7345,
2346,7346,
2347,7347,
2348,7348,45000.0
2349,7349,60000.0
2350,7350,
2351,7351,60000.0
2352,7352,275000.0
2353,7353,49000.0
2354,7354,500.0
2355,7355,600.0
2356,7356,25.0
2357,7357,150.0
2358,7358,580.0
2359,7359,53000.0
2360,7360,270.0
2361,7361,850.0
2362,7362,32000.0
2363,7363,14500.0
2364,7364,29.0
2365,7365,43000.0
2366,7366,268800.0
2367,7367,168000.0
2368,7368,
2369,7369,44000.0
2370,7370,57000.0
2371,7371,280.0
2372,7372,140000.0
2373,7373,52500.0
2374,7374,325000.0
2375,7375,115000.0
2376,7376,280.0
2377,7377,57000.0
2378,7378,25.0
2379,7379,16500.0
2380,7380,29000.0
2381,7381,35000.0
2382,7382,25.0
2383,7383,57000.0
2384,7384,30000.0
2385,7385,400.0
2386,7386,78000.0
2387,7387,45000.0
2388,7388,250.0
2389,7389,600.0
2390,7390,105000.0
2391,7391,330.0
2392,7392,35.0
2393,7393,39000.0
2394,7394,79000.0
2395,7395,690.0
2396,7396,240.0
2397,7397,800.0
2398,7398,128000.0
2399,7399,128000.0
2400,7400,79000.0
2401,7401,210000.0
2402,7402,35500.0
2403,7403,21500.0
2404,7404,47000.0
2405,7405,750.0
2406,7406,1500.0
2407,7407,35900.0
2408,7408,54500.0
2409,7409,
2410,7410,
2411,7411,
2412,7412,
2413,7413,
2414,7414,
2415,7415,
2416,7416,
2417,7417,219.0
2418,7418,135600.0
2419,7419,550.0
2420,7420,230.0
2421,7421,34300.0
2422,7422,
2423,7423,37000.0
2424,7424,125.0
2425,7425,320.0
2426,7426,62000.0
2427,7427,87000.0
2428,7428,160000.0
2429,7429,66000.0
2430,7430,500.0
2431,7431,67990.0
2432,7432,44990.0
2433,7433,69990.0
2434,7434,
2435,7435,
2436,7436,600.0
2437,7437,44000.0
2438,7438,175000.0
2439,7439,135000.0
2440,7440,280.0
2441,7441,90000.0
2442,7442,110000.0
2443,7443,450.0
2444,7444,230.0
2445,7445,46000.0
2446,7446,
2447,7447,50.0
2448,7448,10950.0
2449,7449,
2450,7450,23.0
2451,7451,
2452,7452,48300.0
2453,7453,25900.0
2454,7454,150.0
2455,7455,57500.0
2456,7456,670.0
2457,7457,147000.0
2458,7458,
2459,7459,299000.0
2460,7460,310000.0
2461,7461,38000.0
2462,7462,125999.0
2463,7463,185000.0
2464,7464,800.0
2465,7465,1200.0
2466,7466,54900.0
2467,7467,35000.0
2468,7468,40500.0
2469,7469,149500.0
2470,7470,1500.0
2471,7471,450.0
2472,7472,590000.0
2473,7473,136000.0
2474,7474,550000.0
2475,7475,550000.0
2476,7476,52832.0
2477,7477,60000.0
2478,7478,375000.0
2479,7479,42000.0
2480,7480,35500.0
2481,7481,86000.0
2482,7482,140000.0
2483,7483,8200.0
2484,7484,650.0
2485,7485,1000.0
2486,7486,61000.0
2487,7487,2900.0
2488,7488,750.0
2489,7489,990.0
2490,7490,150000.0
2491,7491,3500.0
2492,7492,830.0
2493,7493,112183.0
2494,7494,57500.0
2495,7495,180000.0
2496,7496,103730.0
2497,7497,198960.0
2498,7498,495000.0
2499,7499,295000.0
2500,7500,
2501,7501,105000.0
2502,7502,90000.0
2503,7503,29500.0
2504,7504,45500.0
2505,7505,
2506,7506,47990.0
2507,7507,42000.0
2508,7508,125000.0
2509,7509,68800.0
2510,7510,6800.0
2511,7511,55000.0
2512,7512,83500.0
2513,7513,91900.0
2514,7514,33000.0
2515,7515,152475.0
2516,7516,700.0
2517,7517,99500.0
2518,7518,68900.0
2519,7519,225.0
2520,7520,115000.0
2521,7521,112000.0
2522,7522,
2523,7523,32500.0
2524,7524,69900.0
2525,7525,150.0
2526,7526,59000.0
2527,7527,7490.0
2528,7528,17690.0
2529,7529,27.0
2530,7530,109000.0
2531,7531,350.0
2532,7532,57000.0
2533,7533,57000.0
2534,7534,300.0
2535,7535,
2536,7536,400.0
2537,7537,850.0
2538,7538,65200.0
2539,7539,
2540,7540,
2541,7541,
2542,7542,
2543,7543,395000.0
2544,7544,135000.0
2545,7545,75000.0
2546,7546,87500.0
2547,7547,99000.0
2548,7548,500.0
2549,7549,255715.0
2550,7550,183677.0
2551,7551,187660.0
2552,7552,140070.0
2553,7553,30750.0
2554,7554,350.0
2555,7555,600.0
2556,7556,168800.0
2557,7557,99600.0
2558,7558,
2559,7559,
2560,7560,1500.0
2561,7561,52000.0
2562,7562,115794.0
2563,7563,400.0
2564,7564,158000.0
2565,7565,140.0
2566,7566,160.0
2567,7567,30.0
2568,7568,260000.0
2569,7569,98000.0
2570,7570,
2571,7571,
2572,7572,150000.0
2573,7573,
2574,7574,
2575,7575,
2576,7576,
2577,7577,
2578,7578,
2579,7579,
2580,7580,
2581,7581,
2582,7582,
2583,7583,
2584,7584,
2585,7585,
2586,7586,
2587,7587,14900.0
2588,7588,500.0
2589,7589,575000.0
2590,7590,350.0
2591,7591,67000.0
2592,7592,12000.0
2593,7593,64000.0
2594,7594,47000.0
2595,7595,490.0
2596,7596,550.0
2597,7597,27500.0
2598,7598,47800.0
2599,7599,490.0
2600,7600,650.0
2601,7601,47500.0
2602,7602,
2603,7603,490.0
2604,7604,
2605,7605,
2606,7606,
2607,7607,
2608,7608,29950.0
2609,7609,48500.0
2610,7610,260.0
2611,7611,33400.0
2612,7612,290.0
2613,7613,55990.0
2614,7614,140.0
2615,7615,58000.0
2616,7616,41500.0
2617,7617,25.0
2618,7618,33700.0
2619,7619,49000.0
2620,7620,123500.0
2621,7621,410.0
2622,7622,340000.0
2623,7623,460.0
2624,7624,66500.0
2625,7625,25000.0
2626,7626,7300.0
2627,7627,
2628,7628,12500.0
2629,7629,260.0
2630,7630,140.0
2631,7631,93000.0
2632,7632,63000.0
2633,7633,89100.0
2634,7634,112200.0
2635,7635,99840.0
2636,7636,199950.0
2637,7637,126000.0
2638,7638,30.0
2639,7639,320.0
2640,7640,68842.0
2641,7641,590.0
2642,7642,205920.0
2643,7643,140.0
2644,7644,158000.0
2645,7645,60500.0
2646,7646,250.0
2647,7647,950.0
2648,7648,160000.0
2649,7649,193000.0
2650,7650,25.0
2651,7651,25.0
2652,7652,141910.0
2653,7653,63000.0
2654,7654,260000.0
2655,7655,
2656,7656,72000.0
2657,7657,150000.0
2658,7658,47000.0
2659,7659,370.0
2660,7660,290.0
2661,7661,77000.0
2662,7662,35000.0
2663,7663,145.0
2664,7664,63000.0
2665,7665,55.0
2666,7666,
2667,7667,600.0
2668,7668,235.0
2669,7669,280.0
2670,7670,41900.0
2671,7671,85000.0
2672,7672,29500.0
2673,7673,220.0
2674,7674,650.0
2675,7675,42000.0
2676,7676,49000.0
2677,7677,52000.0
2678,7678,75000.0
2679,7679,35000.0
2680,7680,120.0
2681,7681,40000.0
2682,7682,55500.0
2683,7683,55500.0
2684,7684,31500.0
2685,7685,145000.0
2686,7686,
2687,7687,64990.0
2688,7688,42990.0
2689,7689,220.0
2690,7690,165000.0
2691,7691,1300.0
2692,7692,330.0
2693,7693,36000.0
2694,7694,35500.0
2695,7695,199000.0
2696,7696,320.0
2697,7697,162000.0
2698,7698,900.0
2699,7699,33150.0
2700,7700,
2701,7701,83000.0
2702,7702,2000.0
2703,7703,25450.0
2704,7704,82830.0
2705,7705,82500.0
2706,7706,53245.0
2707,7707,64975.0
2708,7708,148799.0
2709,7709,70000.0
2710,7710,
2711,7711,103500.0
2712,7712,15600.0
2713,7713,62000.0
2714,7714,650.0
2715,7715,10110.0
2716,7716,
2717,7717,101500.0
2718,7718,45000.0
2719,7719,98000.0
2720,7720,12500.0
2721,7721,17000.0
2722,7722,12000.0
2723,7723,39999.0
2724,7724,
2725,7725,
2726,7726,
2727,7727,26000.0
2728,7728,199000.0
2729,7729,28900.0
2730,7730,19.0
2731,7731,10500.0
2732,7732,10000.0
2733,7733,55000.0
2734,7734,240.0
2735,7735,71500.0
2736,7736,69000.0
2737,7737,1000.0
2738,7738,550.0
2739,7739,99899.0
2740,7740,110250.0
2741,7741,141375.0
2742,7742,25.0
2743,7743,31000.0
2744,7744,75000.0
2745,7745,1400.0
2746,7746,350.0
2747,7747,179000.0
2748,7748,14000.0
2749,7749,550.0
2750,7750,650.0
2751,7751,135000.0
2752,7752,41000.0
2753,7753,39900.0
2754,7754,49900.0
2755,7755,54000.0
2756,7756,55000.0
2757,7757,240000.0
2758,7758,230.0
2759,7759,270000.0
2760,7760,50.0
2761,7761,47000.0
2762,7762,400.0
2763,7763,
2764,7764,160.0
2765,7765,105000.0
2766,7766,670.0
2767,7767,116000.0
2768,7768,30.0
2769,7769,166840.0
2770,7770,91000.0
2771,7771,300.0
2772,7772,29.0
2773,7773,300.0
2774,7774,350.0
2775,7775,290.0
2776,7776,72000.0
2777,7777,30000.0
2778,7778,72000.0
2779,7779,550.0
2780,7780,1500.0
2781,7781,575.0
2782,7782,103500.0
2783,7783,159732.0
2784,7784,43770.0
2785,7785,74000.0
2786,7786,96390.0
2787,7787,129900.0
2788,7788,39000.0
2789,7789,700.0
2790,7790,125000.0
2791,7791,850.0
2792,7792,91000.0
2793,7793,78000.0
2794,7794,300.0
2795,7795,220.0
2796,7796,
2797,7797,
2798,7798,
2799,7799,
2800,7800,
2801,7801,
2802,7802,42990.0
2803,7803,32000.0
2804,7804,28000.0
2805,7805,43000.0
2806,7806,300.0
2807,7807,850.0
2808,7808,52100.0
2809,7809,44900.0
2810,7810,46500.0
2811,7811,125000.0
2812,7812,51000.0
2813,7813,62999.0
2814,7814,168000.0
2815,7815,27450.0
2816,7816,19000.0
2817,7817,43000.0
2818,7818,130000.0
2819,7819,91000.0
2820,7820,49000.0
2821,7821,590.0
2822,7822,28400.0
2823,7823,380.0
2824,7824,25.0
2825,7825,220000.0
2826,7826,
2827,7827,
2828,7828,
2829,7829,
2830,7830,
2831,7831,
2832,7832,
2833,7833,
2834,7834,
2835,7835,
2836,7836,
2837,7837,95000.0
2838,7838,240000.0
2839,7839,250000.0
2840,7840,163000.0
2841,7841,1000.0
2842,7842,
2843,7843,41500.0
2844,7844,45000.0
2845,7845,265000.0
2846,7846,210.0
2847,7847,380.0
2848,7848,34999.0
2849,7849,46000.0
2850,7850,39000.0
2851,7851,
2852,7852,
2853,7853,250000.0
2854,7854,53990.0
2855,7855,55000.0
2856,7856,176000.0
2857,7857,42000.0
2858,7858,320000.0
2859,7859,48900.0
2860,7860,47000.0
2861,7861,450.0
2862,7862,12700.0
2863,7863,141400.0
2864,7864,65000.0
2865,7865,54900.0
2866,7866,23000.0
2867,7867,37000.0
2868,7868,800.0
2869,7869,164373.0
2870,7870,149226.0
2871,7871,170871.0
2872,7872,165308.0
2873,7873,49.0
2874,7874,890.0
2875,7875,206000.0
2876,7876,7890.0
2877,7877,120000.0
2878,7878,135000.0
2879,7879,108000.0
2880,7880,
2881,7881,420.0
2882,7882,
2883,7883,18890.0
2884,7884,63000.0
2885,7885,
2886,7886,42300.0
2887,7887,150.0
2888,7888,290.0
2889,7889,45000.0
2890,7890,590.0
2891,7891,1100.0
2892,7892,
2893,7893,41500.0
2894,7894,
2895,7895,
2896,7896,
2897,7897,
2898,7898,310000.0
2899,7899,47500.0
2900,7900,85000.0
2901,7901,830000.0
2902,7902,56000.0
2903,7903,71000.0
2904,7904,310000.0
2905,7905,150000.0
2906,7906,74087.0
2907,7907,58000.0
2908,7908,27499.0
2909,7909,46700.0
2910,7910,124000.0
2911,7911,16000.0
2912,7912,185000.0
2913,7913,67000.0
2914,7914,57000.0
2915,7915,650.0
2916,7916,129500.0
2917,7917,170.0
2918,7918,200.0
2919,7919,145000.0
2920,7920,27900.0
2921,7921,47000.0
2922,7922,112000.0
2923,7923,63900.0
2924,7924,62000.0
2925,7925,45000.0
2926,7926,121000.0
2927,7927,65000.0
2928,7928,250.0
2929,7929,38500.0
2930,7930,129000.0
2931,7931,120000.0
2932,7932,62000.0
2933,7933,600.0
2934,7934,47800.0
2935,7935,300.0
2936,7936,550.0
2937,7937,34300.0
2938,7938,42990.0
2939,7939,63990.0
2940,7940,63990.0
2941,7941,46990.0
2942,7942,66990.0
2943,7943,74990.0
2944,7944,
2945,7945,119990.0
2946,7946,
2947,7947,76990.0
2948,7948,450.0
2949,7949,41000.0
2950,7950,149810.0
2951,7951,59000.0
2952,7952,43000.0
2953,7953,618995.0
2954,7954,
2955,7955,
2956,7956,400.0
2957,7957,55000.0
2958,7958,35000.0
2959,7959,200.0
2960,7960,43000.0
2961,7961,
2962,7962,300.0
2963,7963,177000.0
2964,7964,330.0
2965,7965,17000.0
2966,7966,250.0
2967,7967,150.0
2968,7968,
2969,7969,58900.0
2970,7970,850.0
2971,7971,42000.0
2972,7972,340.0
2973,7973,184000.0
2974,7974,
2975,7975,
2976,7976,196000.0
2977,7977,250.0
2978,7978,200.0
2979,7979,220.0
2980,7980,65000.0
2981,7981,52900.0
2982,7982,65000.0
2983,7983,25700.0
2984,7984,27000.0
2985,7985,50.0
2986,7986,250.0
2987,7987,29900.0
2988,7988,600.0
2989,7989,42800.0
2990,7990,250.0
2991,7991,55000.0
2992,7992,54000.0
2993,7993,315000.0
2994,7994,41000.0
2995,7995,5370.0
2996,7996,315000.0
2997,7997,850.0
2998,7998,24.0
2999,7999,145000.0
3000,8000,34500.0
3001,8001,56000.0
3002,8002,440.0
3003,8003,103000.0
3004,8004,129000.0
3005,8005,
3006,8006,
3007,8007,
3008,8008,
3009,8009,
3010,8010,
3011,8011,
3012,8012,
3013,8013,
3014,8014,
3015,8015,
3016,8016,
3017,8017,110250.0
3018,8018,320.0
3019,8019,320.0
3020,8020,
3021,8021,
3022,8022,
3023,8023,
3024,8024,170.0
3025,8025,60.0
3026,8026,230.0
3027,8027,300.0
3028,8028,68000.0
3029,8029,89990.0
3030,8030,36500.0
3031,8031,250.0
3032,8032,7390.0
3033,8033,8590.0
3034,8034,15400.0
3035,8035,13000.0
3036,8036,7400.0
3037,8037,160.0
3038,8038,8250.0
3039,8039,11900.0
3040,8040,13000.0
3041,8041,5000.0
3042,8042,6500.0
3043,8043,390.0
3044,8044,105000.0
3045,8045,125130.0
3046,8046,350.0
3047,8047,25000.0
3048,8048,320.0
3049,8049,101000.0
3050,8050,57810.0
3051,8051,300.0
3052,8052,280.0
3053,8053,680.0
3054,8054,82000.0
3055,8055,32.0
3056,8056,1000.0
3057,8057,55000.0
3058,8058,286700.0
3059,8059,286700.0
3060,8060,134200.0
3061,8061,142340.0
3062,8062,320.0
3063,8063,139040.0
3064,8064,113620.0
3065,8065,1400.0
3066,8066,69000.0
3067,8067,47000.0
3068,8068,81000.0
3069,8069,37500.0
3070,8070,230000.0
3071,8071,460.0
3072,8072,55000.0
3073,8073,110000.0
3074,8074,670.0
3075,8075,273000.0
3076,8076,11300.0
3077,8077,200.0
3078,8078,94164.0
3079,8079,67000.0
3080,8080,
3081,8081,
3082,8082,
3083,8083,
3084,8084,
3085,8085,
3086,8086,
3087,8087,
3088,8088,
3089,8089,44850.0
3090,8090,500.0
3091,8091,222220.0
3092,8092,330.0
3093,8093,41000.0
3094,8094,550.0
3095,8095,172000.0
3096,8096,34500.0
3097,8097,149000.0
3098,8098,50000.0
3099,8099,300.0
3100,8100,350.0
3101,8101,360.0
3102,8102,49500.0
3103,8103,159600.0
3104,8104,289000.0
3105,8105,40.0
3106,8106,12500.0
3107,8107,69000.0
3108,8108,220.0
3109,8109,250000.0
3110,8110,102750.0
3111,8111,44500.0
3112,8112,69500.0
3113,8113,45900.0
3114,8114,90000.0
3115,8115,130000.0
3116,8116,1400.0
3117,8117,108000.0
3118,8118,62500.0
3119,8119,225000.0
3120,8120,76000.0
3121,8121,68000.0
3122,8122,41800.0
3123,8123,900.0
3124,8124,34000.0
3125,8125,34000.0
3126,8126,430000.0
3127,8127,172500.0
3128,8128,159950.0
3129,8129,129999.0
3130,8130,95500.0
3131,8131,89900.0
3132,8132,78369.0
3133,8133,1200.0
3134,8134,36000.0
3135,8135,
3136,8136,
3137,8137,
3138,8138,
3139,8139,
3140,8140,47500.0
3141,8141,330.0
3142,8142,320.0
3143,8143,32000.0
3144,8144,
3145,8145,850.0
3146,8146,530.0
3147,8147,294000.0
3148,8148,208520.0
3149,8149,124560.0
3150,8150,139125.0
3151,8151,79920.0
3152,8152,72000.0
3153,8153,27000.0
3154,8154,115000.0
3155,8155,175500.0
3156,8156,500.0
3157,8157,35000.0
3158,8158,250000.0
3159,8159,33099.0
3160,8160,67000.0
3161,8161,800.0
3162,8162,41500.0
3163,8163,59990.0
3164,8164,70000.0
3165,8165,
3166,8166,
3167,8167,
3168,8168,
3169,8169,
3170,8170,
3171,8171,
3172,8172,
3173,8173,
3174,8174,
3175,8175,
3176,8176,
3177,8177,
3178,8178,460.0
3179,8179,56000.0
3180,8180,680.0
3181,8181,15500.0
3182,8182,85000.0
3183,8183,56800.0
3184,8184,260.0
3185,8185,157920.0
3186,8186,280.0
3187,8187,34800.0
3188,8188,151200.0
3189,8189,600.0
3190,8190,94500.0
3191,8191,165000.0
3192,8192,150000.0
3193,8193,46900.0
3194,8194,40000.0
3195,8195,64300.0
3196,8196,125000.0
3197,8197,198000.0
3198,8198,199000.0
3199,8199,119800.0
3200,8200,72000.0
3201,8201,220000.0
3202,8202,35000.0
3203,8203,850.0
3204,8204,238000.0
3205,8205,200000.0
3206,8206,46000.0
3207,8207,65500.0
3208,8208,
3209,8209,450.0
3210,8210,127000.0
3211,8211,108000.0
3212,8212,200000.0
3213,8213,68000.0
3214,8214,91800.0
3215,8215,1490.0
3216,8216,136400.0
3217,8217,125000.0
3218,8218,132000.0
3219,8219,145000.0
3220,8220,159000.0
3221,8221,185000.0
3222,8222,185200.0
3223,8223,20.0
3224,8224,25.0
3225,8225,145000.0
3226,8226,39900.0
3227,8227,98000.0
3228,8228,450.0
3229,8229,700.0
3230,8230,52578.0
3231,8231,80900.0
3232,8232,64000.0
3233,8233,125000.0
3234,8234,135000.0
3235,8235,135000.0
3236,8236,35.0
3237,8237,149715.0
3238,8238,119660.0
3239,8239,300.0
3240,8240,480000.0
3241,8241,128000.0
3242,8242,75000.0
3243,8243,42500.0
3244,8244,25.0
3245,8245,45.0
3246,8246,43500.0
3247,8247,119999.0
3248,8248,32900.0
3249,8249,150.0
3250,8250,148000.0
3251,8251,30800.0
3252,8252,123000.0
3253,8253,60000.0
3254,8254,950.0
3255,8255,30.0
3256,8256,25.0
3257,8257,201000.0
3258,8258,
3259,8259,
3260,8260,35.0
3261,8261,105000.0
3262,8262,90000.0
3263,8263,125000.0
3264,8264,49900.0
3265,8265,6900.0
3266,8266,195000.0
3267,8267,
3268,8268,
3269,8269,72000.0
3270,8270,135000.0
3271,8271,159732.0
3272,8272,88500.0
3273,8273,320.0
3274,8274,156000.0
3275,8275,93000.0
3276,8276,38900.0
3277,8277,163910.0
3278,8278,77000.0
3279,8279,50000.0
3280,8280,143000.0
3281,8281,30.0
3282,8282,172500.0
3283,8283,230.0
3284,8284,53000.0
3285,8285,210.0
3286,8286,79500.0
3287,8287,600.0
3288,8288,47500.0
3289,8289,64170.0
3290,8290,460000.0
3291,8291,49900.0
3292,8292,77000.0
3293,8293,28890.0
3294,8294,75000.0
3295,8295,25.0
3296,8296,460.0
3297,8297,95950.0
3298,8298,365.0
3299,8299,400.0
3300,8300,33000.0
3301,8301,380.0
3302,8302,400.0
3303,8303,124163.0
3304,8304,128500.0
3305,8305,78900.0
3306,8306,48000.0
3307,8307,37.0
3308,8308,93500.0
3309,8309,110000.0
3310,8310,125000.0
3311,8311,59000.0
3312,8312,
3313,8313,
3314,8314,
3315,8315,150.0
3316,8316,115000.0
3317,8317,175000.0
3318,8318,89000.0
3319,8319,450.0
3320,8320,1100.0
3321,8321,199000.0
3322,8322,78000.0
3323,8323,95600.0
3324,8324,890.0
3325,8325,400.0
3326,8326,11700.0
3327,8327,135000.0
3328,8328,119255.0
3329,8329,80000.0
3330,8330,68000.0
3331,8331,97680.0
3332,8332,97680.0
3333,8333,169660.0
3334,8334,280.0
3335,8335,56700.0
3336,8336,
3337,8337,155000.0
3338,8338,56000.0
3339,8339,40500.0
3340,8340,86000.0
3341,8341,34500.0
3342,8342,32900.0
3343,8343,140000.0
3344,8344,66000.0
3345,8345,83000.0
3346,8346,140000.0
3347,8347,105000.0
3348,8348,55000.0
3349,8349,74000.0
3350,8350,43400.0
3351,8351,237500.0
3352,8352,850.0
3353,8353,128336.0
3354,8354,49600.0
3355,8355,38700.0
3356,8356,114000.0
3357,8357,200.0
3358,8358,6900.0
3359,8359,830.0
3360,8360,83000.0
3361,8361,900.0
3362,8362,125000.0
3363,8363,25000.0
3364,8364,200000.0
3365,8365,129000.0
3366,8366,51000.0
3367,8367,250.0
3368,8368,350.0
3369,8369,420.0
3370,8370,
3371,8371,
3372,8372,
3373,8373,400.0
3374,8374,
3375,8375,
3376,8376,180000.0
3377,8377,48500.0
3378,8378,57000.0
3379,8379,85500.0
3380,8380,69000.0
3381,8381,42365.0
3382,8382,32000.0
3383,8383,400.0
3384,8384,650.0
3385,8385,170000.0
3386,8386,45400.0
3387,8387,70000.0
3388,8388,69500.0
3389,8389,28900.0
3390,8390,76000.0
3391,8391,92750.0
3392,8392,132000.0
3393,8393,190000.0
3394,8394,46300.0
3395,8395,115900.0
3396,8396,61100.0
3397,8397,380.0
3398,8398,27500.0
3399,8399,
3400,8400,680.0
3401,8401,690.0
3402,8402,88000.0
3403,8403,125000.0
3404,8404,109500.0
3405,8405,260.0
3406,8406,95000.0
3407,8407,300.0
3408,8408,350.0
3409,8409,210.0
3410,8410,500.0
3411,8411,31500.0
3412,8412,18000.0
3413,8413,30000.0
3414,8414,1950.0
3415,8415,
3416,8416,295.0
3417,8417,40000.0
3418,8418,24.0
3419,8419,115000.0
3420,8420,145000.0
3421,8421,169250.0
3422,8422,167000.0
3423,8423,152000.0
3424,8424,155000.0
3425,8425,215000.0
3426,8426,350.0
3427,8427,375.0
3428,8428,90000.0
3429,8429,98000.0
3430,8430,370.0
3431,8431,400.0
3432,8432,43000.0
3433,8433,22000.0
3434,8434,28000.0
3435,8435,97000.0
3436,8436,100.0
3437,8437,74900.0
3438,8438,28000.0
3439,8439,320.0
3440,8440,57500.0
3441,8441,24900.0
3442,8442,11900.0
3443,8443,85500.0
3444,8444,150735.0
3445,8445,17500.0
3446,8446,340.0
3447,8447,380.0
3448,8448,150.0
3449,8449,297000.0
3450,8450,
3451,8451,166840.0
3452,8452,80000.0
3453,8453,31000.0
3454,8454,120.0
3455,8455,49500.0
3456,8456,95000.0
3457,8457,1200.0
3458,8458,59000.0
3459,8459,280.0
3460,8460,135.0
3461,8461,33000.0
3462,8462,88000.0
3463,8463,63700.0
3464,8464,129000.0
3465,8465,129000.0
3466,8466,108500.0
3467,8467,108500.0
3468,8468,20.0
3469,8469,260.0
3470,8470,40500.0
3471,8471,125000.0
3472,8472,98500.0
3473,8473,98500.0
3474,8474,109000.0
3475,8475,109000.0
3476,8476,129000.0
3477,8477,30.0
3478,8478,250.0
3479,8479,99029.0
3480,8480,119225.0
3481,8481,189500.0
3482,8482,120000.0
3483,8483,232000.0
3484,8484,30.0
3485,8485,72800.0
3486,8486,95000.0
3487,8487,309000.0
3488,8488,550.0
3489,8489,300.0
3490,8490,103000.0
3491,8491,250000.0
3492,8492,190000.0
3493,8493,92950.0
3494,8494,110000.0
3495,8495,47000.0
3496,8496,48000.0
3497,8497,40000.0
3498,8498,62000.0
3499,8499,
3500,8500,350.0
3501,8501,1600.0
3502,8502,140000.0
3503,8503,400.0
3504,8504,46900.0
3505,8505,199000.0
3506,8506,40000.0
3507,8507,40000.0
3508,8508,250.0
3509,8509,
3510,8510,55000.0
3511,8511,210000.0
3512,8512,34800.0
3513,8513,278000.0
3514,8514,42800.0
3515,8515,
3516,8516,48000.0
3517,8517,17500.0
3518,8518,20500.0
3519,8519,28500.0
3520,8520,25.0
3521,8521,51500.0
3522,8522,1100.0
3523,8523,700.0
3524,8524,600.0
3525,8525,
3526,8526,
3527,8527,
3528,8528,
3529,8529,25.0
3530,8530,188500.0
3531,8531,30200.0
3532,8532,28000.0
3533,8533,220.0
3534,8534,73000.0
3535,8535,
3536,8536,
3537,8537,
3538,8538,115000.0
3539,8539,
3540,8540,
3541,8541,125000.0
3542,8542,
3543,8543,
3544,8544,
3545,8545,18000.0
3546,8546,102000.0
3547,8547,57000.0
3548,8548,57000.0
3549,8549,360.0
3550,8550,185000.0
3551,8551,12500.0
3552,8552,63500.0
3553,8553,
3554,8554,
3555,8555,
3556,8556,38000.0
3557,8557,340.0
3558,8558,300.0
3559,8559,46000.0
3560,8560,98000.0
3561,8561,33000.0
3562,8562,48000.0
3563,8563,92950.0
3564,8564,
3565,8565,
3566,8566,
3567,8567,
3568,8568,
3569,8569,
3570,8570,
3571,8571,60000.0
3572,8572,8890.0
3573,8573,33500.0
3574,8574,13500.0
3575,8575,225.0
3576,8576,49700.0
3577,8577,90000.0
3578,8578,520.0
3579,8579,320.0
3580,8580,460.0
3581,8581,25.0
3582,8582,34500.0
3583,8583,300.0
3584,8584,44000.0
3585,8585,45000.0
3586,8586,
3587,8587,290.0
3588,8588,65000.0
3589,8589,30200.0
3590,8590,36000.0
3591,8591,70210.0
3592,8592,52900.0
3593,8593,650.0
3594,8594,41000.0
3595,8595,380.0
3596,8596,900.0
3597,8597,55900.0
3598,8598,56400.0
3599,8599,38000.0
3600,8600,350.0
3601,8601,35.0
3602,8602,49000.0
3603,8603,380.0
3604,8604,250000.0
3605,8605,295.0
3606,8606,640.0
3607,8607,96000.0
3608,8608,32000.0
3609,8609,135000.0
3610,8610,270.0
3611,8611,780.0
3612,8612,150.0
3613,8613,37000.0
3614,8614,75000.0
3615,8615,136000.0
3616,8616,56000.0
3617,8617,230.0
3618,8618,25.0
3619,8619,381000.0
3620,8620,68000.0
3621,8621,310.0
3622,8622,36000.0
3623,8623,49000.0
3624,8624,150000.0
3625,8625,
3626,8626,159000.0
3627,8627,34500.0
3628,8628,
3629,8629,67900.0
3630,8630,270.0
3631,8631,51000.0
3632,8632,26.0
3633,8633,27000.0
3634,8634,36500.0
3635,8635,136800.0
3636,8636,31500.0
3637,8637,220.0
3638,8638,97133.0
3639,8639,59800.0
3640,8640,850.0
3641,8641,56000.0
3642,8642,430.0
3643,8643,200000.0
3644,8644,40.0
3645,8645,69000.0
3646,8646,51000.0
3647,8647,15900.0
3648,8648,47000.0
3649,8649,290.0
3650,8650,330.0
3651,8651,39900.0
3652,8652,56300.0
3653,8653,97133.0
3654,8654,57000.0
3655,8655,97000.0
3656,8656,219000.0
3657,8657,90000.0
3658,8658,204400.0
3659,8659,260.0
3660,8660,125000.0
3661,8661,26500.0
3662,8662,180000.0
3663,8663,74000.0
3664,8664,450.0
3665,8665,190000.0
3666,8666,256000.0
3667,8667,260000.0
3668,8668,770.0
3669,8669,470.0
3670,8670,46000.0
3671,8671,33000.0
3672,8672,120.0
3673,8673,125600.0
3674,8674,124450.0
3675,8675,500.0
3676,8676,
3677,8677,65000.0
3678,8678,25.0
3679,8679,135000.0
3680,8680,39000.0
3681,8681,260000.0
3682,8682,190.0
3683,8683,87600.0
3684,8684,22000.0
3685,8685,195000.0
3686,8686,65000.0
3687,8687,900.0
3688,8688,265000.0
3689,8689,145000.0
3690,8690,36900.0
3691,8691,85800.0
3692,8692,139000.0
3693,8693,49900.0
3694,8694,36500.0
3695,8695,125.0
3696,8696,325.0
3697,8697,54000.0
3698,8698,280.0
3699,8699,400.0
3700,8700,
3701,8701,17700.0
3702,8702,52000.0
3703,8703,40500.0
3704,8704,92000.0
3705,8705,105700.0
3706,8706,37400.0
3707,8707,
3708,8708,41500.0
3709,8709,106500.0
3710,8710,33000.0
3711,8711,49000.0
3712,8712,135000.0
3713,8713,45000.0
3714,8714,150.0
3715,8715,81500.0
3716,8716,59595.0
3717,8717,89000.0
3718,8718,53700.0
3719,8719,650.0
3720,8720,550.0
3721,8721,75000.0
3722,8722,540.0
3723,8723,540.0
3724,8724,105000.0
3725,8725,46500.0
3726,8726,34000.0
3727,8727,49000.0
3728,8728,29500.0
3729,8729,65000.0
3730,8730,100.0
3731,8731,50000.0
3732,8732,36000.0
3733,8733,86350.0
3734,8734,116560.0
3735,8735,51000.0
3736,8736,450.0
3737,8737,205000.0
3738,8738,128000.0
3739,8739,51000.0
3740,8740,25.0
3741,8741,35000.0
3742,8742,65500.0
3743,8743,55000.0
3744,8744,290.0
3745,8745,37000.0
3746,8746,850.0
3747,8747,59500.0
3748,8748,850.0
3749,8749,44.0
3750,8750,225.0
3751,8751,
3752,8752,630.0
3753,8753,62000.0
3754,8754,70000.0
3755,8755,89500.0
3756,8756,82830.0
3757,8757,135000.0
3758,8758,35000.0
3759,8759,135520.0
3760,8760,
3761,8761,58000.0
3762,8762,77000.0
3763,8763,86000.0
3764,8764,330.0
3765,8765,390.0
3766,8766,125000.0
3767,8767,380.0
3768,8768,340.0
3769,8769,35.0
3770,8770,154000.0
3771,8771,340.0
3772,8772,93000.0
3773,8773,
3774,8774,450.0
3775,8775,63500.0
3776,8776,420.0
3777,8777,198000.0
3778,8778,81900.0
3779,8779,219000.0
3780,8780,65000.0
3781,8781,1000.0
3782,8782,280.0
3783,8783,500.0
3784,8784,49.0
3785,8785,330.0
3786,8786,120000.0
3787,8787,59000.0
3788,8788,59500.0
3789,8789,220.0
3790,8790,1000.0
3791,8791,35.0
3792,8792,12900.0
3793,8793,
3794,8794,44300.0
3795,8795,230000.0
3796,8796,159000.0
3797,8797,34000.0
3798,8798,40000.0
3799,8799,36000.0
3800,8800,195000.0
3801,8801,16000.0
3802,8802,83000.0
3803,8803,27500.0
3804,8804,
3805,8805,11790.0
3806,8806,1350.0
3807,8807,
3808,8808,
3809,8809,
3810,8810,112000.0
3811,8811,520.0
3812,8812,520.0
3813,8813,320.0
3814,8814,1100.0
3815,8815,350.0
3816,8816,145.0
3817,8817,168000.0
3818,8818,760.0
3819,8819,30.0
3820,8820,76000.0
3821,8821,71000.0
3822,8822,68800.0
3823,8823,61500.0
3824,8824,260000.0
3825,8825,1200.0
3826,8826,265000.0
3827,8827,260000.0
3828,8828,270.0
3829,8829,40.0
3830,8830,129000.0
3831,8831,99200.0
3832,8832,51000.0
3833,8833,450.0
3834,8834,28000.0
3835,8835,57000.0
3836,8836,650.0
3837,8837,36900.0
3838,8838,44000.0
3839,8839,53900.0
3840,8840,115000.0
3841,8841,43000.0
3842,8842,63000.0
3843,8843,59000.0
3844,8844,59000.0
3845,8845,250000.0
3846,8846,68000.0
3847,8847,700.0
3848,8848,72000.0
3849,8849,74750.0
3850,8850,35000.0
3851,8851,30.0
3852,8852,30.0
3853,8853,41800.0
3854,8854,1500.0
3855,8855,
3856,8856,22500.0
3857,8857,161980.0
3858,8858,45.0
3859,8859,23500.0
3860,8860,14800.0
3861,8861,62000.0
3862,8862,19000.0
3863,8863,29500.0
3864,8864,95000.0
3865,8865,33000.0
3866,8866,180000.0
3867,8867,77500.0
3868,8868,162000.0
3869,8869,220000.0
3870,8870,
3871,8871,1100.0
3872,8872,136000.0
3873,8873,
3874,8874,99000.0
3875,8875,290.0
3876,8876,55372.0
3877,8877,58000.0
3878,8878,172800.0
3879,8879,168000.0
3880,8880,69500.0
3881,8881,35000.0
3882,8882,38000.0
3883,8883,46500.0
3884,8884,300.0
3885,8885,34000.0
3886,8886,240.0
3887,8887,55000.0
3888,8888,75000.0
3889,8889,250.0
3890,8890,39000.0
3891,8891,37.0
3892,8892,350.0
3893,8893,198000.0
3894,8894,53500.0
3895,8895,
3896,8896,89000.0
3897,8897,25000.0
3898,8898,35500.0
3899,8899,
3900,8900,420.0
3901,8901,36500.0
3902,8902,52000.0
3903,8903,230.0
3904,8904,48000.0
3905,8905,101500.0
3906,8906,76000.0
3907,8907,125000.0
3908,8908,75000.0
3909,8909,53950.0
3910,8910,69990.0
3911,8911,129000.0
3912,8912,300.0
3913,8913,1300.0
3914,8914,219000.0
3915,8915,51000.0
3916,8916,25.0
3917,8917,
3918,8918,87000.0
3919,8919,65000.0
3920,8920,49000.0
3921,8921,178000.0
3922,8922,159000.0
3923,8923,420.0
3924,8924,600.0
3925,8925,121000.0
3926,8926,62000.0
3927,8927,1600.0
3928,8928,140000.0
3929,8929,350.0
3930,8930,225675.0
3931,8931,31500.0
3932,8932,51000.0
3933,8933,350.0
3934,8934,54500.0
3935,8935,260.0
3936,8936,104370.0
3937,8937,2200.0
3938,8938,21000.0
3939,8939,89000.0
3940,8940,550.0
3941,8941,38000.0
3942,8942,400.0
3943,8943,100000.0
3944,8944,67600.0
3945,8945,850.0
3946,8946,350.0
3947,8947,58000.0
3948,8948,
3949,8949,600.0
3950,8950,220000.0
3951,8951,26333.0
3952,8952,
3953,8953,
3954,8954,
3955,8955,
3956,8956,
3957,8957,34000.0
3958,8958,140.0
3959,8959,67000.0
3960,8960,45000.0
3961,8961,198000.0
3962,8962,25500.0
3963,8963,260000.0
3964,8964,110000.0
3965,8965,500.0
3966,8966,98000.0
3967,8967,123000.0
3968,8968,104000.0
3969,8969,44000.0
3970,8970,82900.0
3971,8971,28500.0
3972,8972,78000.0
3973,8973,1200.0
3974,8974,330.0
3975,8975,42000.0
3976,8976,65000.0
3977,8977,60000.0
3978,8978,550.0
3979,8979,16790.0
3980,8980,20.0
3981,8981,53000.0
3982,8982,109000.0
3983,8983,410.0
3984,8984,29999.0
3985,8985,44500.0
3986,8986,
3987,8987,1500.0
3988,8988,113000.0
3989,8989,500.0
3990,8990,65000.0
3991,8991,120000.0
3992,8992,220.0
3993,8993,49600.0
3994,8994,80597.0
3995,8995,110000.0
3996,8996,47488.0
3997,8997,140400.0
3998,8998,120.0
3999,8999,240.0
4000,9000,68000.0
4001,9001,30.0
4002,9002,220000.0
4003,9003,180000.0
4004,9004,65000.0
4005,9005,68000.0
4006,9006,119000.0
4007,9007,250.0
4008,9008,260.0
4009,9009,
4010,9010,
4011,9011,
4012,9012,240.0
4013,9013,49990.0
4014,9014,79990.0
4015,9015,49990.0
4016,9016,79000.0
4017,9017,870.0
4018,9018,79000.0
4019,9019,450.0
4020,9020,700.0
4021,9021,220.0
4022,9022,350.0
4023,9023,103000.0
4024,9024,240000.0
4025,9025,
4026,9026,
4027,9027,67000.0
4028,9028,51970.0
4029,9029,240.0
4030,9030,110000.0
4031,9031,49500.0
4032,9032,51970.0
4033,9033,950.0
4034,9034,450.0
4035,9035,98500.0
4036,9036,34900.0
4037,9037,550.0
4038,9038,35.0
4039,9039,115000.0
4040,9040,290.0
4041,9041,1300.0
4042,9042,300.0
4043,9043,600.0
4044,9044,400.0
4045,9045,40.0
4046,9046,750.0
4047,9047,40700.0
4048,9048,520.0
4049,9049,210.0
4050,9050,65000.0
4051,9051,250.0
4052,9052,72300.0
4053,9053,85454.0
4054,9054,62000.0
4055,9055,36500.0
4056,9056,90628.0
4057,9057,5300.0
4058,9058,
4059,9059,177777.0
4060,9060,227700.0
4061,9061,350.0
4062,9062,18000.0
4063,9063,540.0
4064,9064,450.0
4065,9065,220.0
4066,9066,139000.0
4067,9067,38000.0
4068,9068,100000.0
4069,9069,94800.0
4070,9070,
4071,9071,
4072,9072,450.0
4073,9073,47000.0
4074,9074,105000.0
4075,9075,69900.0
4076,9076,750.0
4077,9077,185000.0
4078,9078,119000.0
4079,9079,600.0
4080,9080,750.0
4081,9081,830.0
4082,9082,43900.0
4083,9083,380.0
4084,9084,65000.0
4085,9085,125000.0
4086,9086,75000.0
4087,9087,169000.0
4088,9088,430.0
4089,9089,49000.0
4090,9090,280.0
4091,9091,37000.0
4092,9092,45000.0
4093,9093,54000.0
4094,9094,43000.0
4095,9095,300.0
4096,9096,89700.0
4097,9097,69300.0
4098,9098,300.0
4099,9099,119000.0
4100,9100,55000.0
4101,9101,500.0
4102,9102,30000.0
4103,9103,350.0
4104,9104,33500.0
4105,9105,29.0
4106,9106,220.0
4107,9107,25.0
4108,9108,52000.0
4109,9109,280.0
4110,9110,25.0
4111,9111,50.0
4112,9112,230000.0
4113,9113,300.0
4114,9114,75000.0
4115,9115,550.0
4116,9116,78000.0
4117,9117,500.0
4118,9118,295.0
4119,9119,31000.0
4120,9120,67000.0
4121,9121,290.0
4122,9122,39900.0
4123,9123,25.0
4124,9124,
4125,9125,86000.0
4126,9126,26000.0
4127,9127,170.0
4128,9128,300.0
4129,9129,185000.0
4130,9130,600.0
4131,9131,27000.0
4132,9132,79000.0
4133,9133,500.0
4134,9134,45000.0
4135,9135,71100.0
4136,9136,28500.0
4137,9137,58700.0
4138,9138,330.0
4139,9139,170.0
4140,9140,25000.0
4141,9141,220.0
4142,9142,300.0
4143,9143,36000.0
4144,9144,36500.0
4145,9145,35500.0
4146,9146,25.0
4147,9147,230.0
4148,9148,55000.0
4149,9149,99000.0
4150,9150,83000.0
4151,9151,47500.0
4152,9152,46500.0
4153,9153,250.0
4154,9154,35.0
4155,9155,29000.0
4156,9156,500.0
4157,9157,83800.0
4158,9158,34999.0
4159,9159,19900.0
4160,9160,700.0
4161,9161,550.0
4162,9162,30.0
4163,9163,650.0
4164,9164,400.0
4165,9165,220.0
4166,9166,270000.0
4167,9167,65000.0
4168,9168,107042.0
4169,9169,76999.0
4170,9170,29102.0
4171,9171,180.0
4172,9172,120000.0
4173,9173,340.0
4174,9174,85.0
4175,9175,
4176,9176,139900.0
4177,9177,350.0
4178,9178,64000.0
4179,9179,220.0
4180,9180,650.0
4181,9181,650.0
4182,9182,280.0
4183,9183,79000.0
4184,9184,37300.0
4185,9185,600.0
4186,9186,350.0
4187,9187,690.0
4188,9188,560.0
4189,9189,54500.0
4190,9190,34000.0
4191,9191,200.0
4192,9192,185000.0
4193,9193,75000.0
4194,9194,80000.0
4195,9195,65000.0
4196,9196,200000.0
4197,9197,350.0
4198,9198,300.0
4199,9199,83000.0
4200,9200,300.0
4201,9201,45.0
4202,9202,85000.0
4203,9203,22000.0
4204,9204,57300.0
4205,9205,45.0
4206,9206,650.0
4207,9207,12900.0
4208,9208,50700.0
4209,9209,250.0
4210,9210,380.0
4211,9211,15500.0
4212,9212,42900.0
4213,9213,
4214,9214,43000.0
4215,9215,45900.0
4216,9216,38500.0
4217,9217,83000.0
4218,9218,150.0
4219,9219,46900.0
4220,9220,149000.0
4221,9221,330.0
4222,9222,99000.0
4223,9223,31000.0
4224,9224,294.0
4225,9225,550.0
4226,9226,300.0
4227,9227,400.0
4228,9228,50800.0
4229,9229,50000.0
4230,9230,370.0
4231,9231,350.0
4232,9232,75000.0
4233,9233,56000.0
4234,9234,220.0
4235,9235,23500.0
4236,9236,66000.0
4237,9237,34.0
4238,9238,529.0
4239,9239,700.0
4240,9240,42900.0
4241,9241,39999.0
4242,9242,41600.0
4243,9243,37900.0
4244,9244,270.0
4245,9245,20.0
4246,9246,185000.0
4247,9247,350.0
4248,9248,150.0
4249,9249,39900.0
4250,9250,36000.0
4251,9251,52500.0
4252,9252,330.0
4253,9253,40800.0
4254,9254,50290.0
4255,9255,180.0
4256,9256,85345.0
4257,9257,540.0
4258,9258,82500.0
4259,9259,63000.0
4260,9260,250.0
4261,9261,300000.0
4262,9262,30.0
4263,9263,60.0
4264,9264,43000.0
4265,9265,135000.0
4266,9266,27500.0
4267,9267,260.0
4268,9268,295.0
4269,9269,36400.0
4270,9270,25500.0
4271,9271,180.0
4272,9272,198960.0
4273,9273,48500.0
4274,9274,410.0
4275,9275,430.0
4276,9276,
4277,9277,160000.0
4278,9278,230.0
4279,9279,25.0
4280,9280,204000.0
4281,9281,500.0
4282,9282,250.0
4283,9283,420.0
4284,9284,800.0
4285,9285,330.0
4286,9286,81000.0
4287,9287,66000.0
4288,9288,42300.0
4289,9289,30000.0
4290,9290,179000.0
4291,9291,340.0
4292,9292,500.0
4293,9293,31000.0
4294,9294,25.0
4295,9295,
4296,9296,
4297,9297,29000.0
4298,9298,97000.0
4299,9299,750.0
4300,9300,46500.0
4301,9301,680.0
4302,9302,105846.0
4303,9303,41000.0
4304,9304,51000.0
4305,9305,59990.0
4306,9306,124990.0
4307,9307,59990.0
4308,9308,62990.0
4309,9309,84990.0
4310,9310,56000.0
4311,9311,105000.0
4312,9312,49500.0
4313,9313,69900.0
4314,9314,210.0
4315,9315,50500.0
4316,9316,380.0
4317,9317,130.0
4318,9318,
4319,9319,170.0
4320,9320,340.0
4321,9321,100.0
4322,9322,140.0
4323,9323,215.0
4324,9324,56000.0
4325,9325,
4326,9326,80000.0
4327,9327,340.0
4328,9328,28500.0
4329,9329,330.0
4330,9330,475.0
4331,9331,22000.0
4332,9332,28500.0
4333,9333,6800.0
4334,9334,6500.0
4335,9335,144000.0
4336,9336,42999.0
4337,9337,31250.0
4338,9338,400.0
4339,9339,96000.0
4340,9340,12700.0
4341,9341,430.0
4342,9342,80.0
4343,9343,149000.0
4344,9344,35000.0
4345,9345,49000.0
4346,9346,49000.0
4347,9347,370000.0
4348,9348,225.0
4349,9349,300.0
4350,9350,500.0
4351,9351,120000.0
4352,9352,280.0
4353,9353,180.0
4354,9354,145.0
4355,9355,125000.0
4356,9356,145000.0
4357,9357,29900.0
4358,9358,135000.0
4359,9359,860.0
4360,9360,83000.0
4361,9361,8880.0
4362,9362,14500.0
4363,9363,14970.0
4364,9364,18000.0
4365,9365,330.0
4366,9366,128755.0
4367,9367,63500.0
4368,9368,49850.0
4369,9369,
4370,9370,80000.0
4371,9371,150.0
4372,9372,13890.0
4373,9373,700.0
4374,9374,350.0
4375,9375,550.0
4376,9376,74500.0
4377,9377,160.0
4378,9378,63000.0
4379,9379,200.0
4380,9380,450.0
4381,9381,65000.0
4382,9382,
4383,9383,220.0
4384,9384,69900.0
4385,9385,210.0
4386,9386,42900.0
4387,9387,1900.0
4388,9388,295.0
4389,9389,250.0
4390,9390,300.0
4391,9391,265.0
4392,9392,250.0
4393,9393,59990.0
4394,9394,72990.0
4395,9395,59990.0
4396,9396,
4397,9397,63990.0
4398,9398,69990.0
4399,9399,450.0
4400,9400,250.0
4401,9401,400.0
4402,9402,320.0
4403,9403,800.0
4404,9404,590.0
4405,9405,340.0
4406,9406,61000.0
4407,9407,
4408,9408,400.0
4409,9409,62150.0
4410,9410,170000.0
4411,9411,12800.0
4412,9412,41000.0
4413,9413,355000.0
4414,9414,52200.0
4415,9415,42900.0
4416,9416,39999.0
4417,9417,249000.0
4418,9418,2900.0
4419,9419,2500.0
4420,9420,400.0
4421,9421,300.0
4422,9422,46300.0
4423,9423,22500.0
4424,9424,30000.0
4425,9425,
4426,9426,69900.0
4427,9427,210.0
4428,9428,33300.0
4429,9429,480.0
4430,9430,1000.0
4431,9431,
4432,9432,250.0
4433,9433,290.0
4434,9434,38500.0
4435,9435,110000.0
4436,9436,230.0
4437,9437,350.0
4438,9438,68000.0
4439,9439,92000.0
4440,9440,139000.0
4441,9441,57000.0
4442,9442,94000.0
4443,9443,250.0
4444,9444,390.0
4445,9445,220000.0
4446,9446,16900.0
4447,9447,21000.0
4448,9448,430.0
4449,9449,30000.0
4450,9450,52200.0
4451,9451,290.0
4452,9452,119990.0
4453,9453,96990.0
4454,9454,19900.0
4455,9455,230.0
4456,9456,49990.0
4457,9457,19900.0
4458,9458,82500.0
4459,9459,
4460,9460,16000.0
4461,9461,
4462,9462,
4463,9463,450.0
4464,9464,580.0
4465,9465,520000.0
4466,9466,1000.0
4467,9467,
4468,9468,62000.0
4469,9469,240.0
4470,9470,39800.0
4471,9471,320.0
4472,9472,190.0
4473,9473,140.0
4474,9474,49000.0
4475,9475,750.0
4476,9476,63000.0
4477,9477,22500.0
4478,9478,40000.0
4479,9479,
4480,9480,88892.0
4481,9481,490.0
4482,9482,32500.0
4483,9483,5.0
4484,9484,290.0
4485,9485,125000.0
4486,9486,270.0
4487,9487,25000.0
4488,9488,55850.0
4489,9489,48500.0
4490,9490,59990.0
4491,9491,350.0
4492,9492,420.0
4493,9493,
4494,9494,
4495,9495,180.0
4496,9496,
4497,9497,650.0
4498,9498,390.0
4499,9499,235.0
4500,9500,11800.0
4501,9501,75000.0
4502,9502,190.0
4503,9503,300.0
4504,9504,300.0
4505,9505,350.0
4506,9506,350.0
4507,9507,1200.0
4508,9508,200.0
4509,9509,167000.0
4510,9510,
4511,9511,43500.0
4512,9512,52000.0
4513,9513,1700.0
4514,9514,220.0
4515,9515,65000.0
4516,9516,330.0
4517,9517,250.0
4518,9518,55000.0
4519,9519,147000.0
4520,9520,56990.0
4521,9521,35.0
4522,9522,66990.0
4523,9523,
4524,9524,460.0
4525,9525,210.0
4526,9526,210.0
4527,9527,1200.0
4528,9528,1500.0
4529,9529,125000.0
4530,9530,330.0
4531,9531,530.0
4532,9532,71000.0
4533,9533,1800.0
4534,9534,650.0
4535,9535,69000.0
4536,9536,430.0
4537,9537,200.0
4538,9538,41000.0
4539,9539,261.0
4540,9540,135000.0
4541,9541,43000.0
4542,9542,147000.0
4543,9543,1400.0
4544,9544,1000.0
4545,9545,47000.0
4546,9546,650.0
4547,9547,550.0
4548,9548,
4549,9549,46000.0
4550,9550,16500.0
4551,9551,16500.0
4552,9552,170.0
4553,9553,16500.0
4554,9554,108000.0
4555,9555,33000.0
4556,9556,121000.0
4557,9557,135000.0
4558,9558,330.0
4559,9559,265.0
4560,9560,50500.0
4561,9561,255000.0
4562,9562,265000.0
4563,9563,850.0
4564,9564,450.0
4565,9565,450.0
4566,9566,350.0
4567,9567,250.0
4568,9568,270.0
4569,9569,700.0
4570,9570,150000.0
4571,9571,100.0
4572,9572,700.0
4573,9573,93500.0
4574,9574,250.0
4575,9575,295.0
4576,9576,250.0
4577,9577,200.0
4578,9578,166000.0
4579,9579,250.0
4580,9580,
4581,9581,80000.0
4582,9582,131000.0
4583,9583,177000.0
4584,9584,219000.0
4585,9585,220.0
4586,9586,500.0
4587,9587,430.0
4588,9588,690.0
4589,9589,45000.0
4590,9590,80000.0
4591,9591,450.0
4592,9592,290.0
4593,9593,26500.0
4594,9594,220.0
4595,9595,52000.0
4596,9596,520.0
4597,9597,300.0
4598,9598,63000.0
4599,9599,650.0
4600,9600,230.0
4601,9601,
4602,9602,
4603,9603,
4604,9604,11500.0
4605,9605,800.0
4606,9606,39999.0
4607,9607,42900.0
4608,9608,15.0
4609,9609,400.0
4610,9610,500.0
4611,9611,98000.0
4612,9612,63000.0
4613,9613,185.0
4614,9614,260.0
4615,9615,70000.0
4616,9616,25.0
4617,9617,65000.0
4618,9618,630.0
4619,9619,330.0
4620,9620,75500.0
4621,9621,84000.0
4622,9622,320.0
4623,9623,169900.0
4624,9624,450.0
4625,9625,22000.0
4626,9626,140.0
4627,9627,53500.0
4628,9628,300.0
4629,9629,39500.0
4630,9630,54500.0
4631,9631,190000.0
4632,9632,250.0
4633,9633,270.0
4634,9634,30.0
4635,9635,240.0
4636,9636,460.0
4637,9637,78000.0
4638,9638,
4639,9639,395.0
4640,9640,
4641,9641,32000.0
4642,9642,800.0
4643,9643,16790.0
4644,9644,14390.0
4645,9645,280.0
4646,9646,8580.0
4647,9647,35000.0
4648,9648,63000.0
4649,9649,10980.0
4650,9650,
4651,9651,45000.0
4652,9652,350.0
4653,9653,146000.0
4654,9654,290.0
4655,9655,180.0
4656,9656,201000.0
4657,9657,62800.0
4658,9658,290.0
4659,9659,240.0
4660,9660,69000.0
4661,9661,46000.0
4662,9662,2900.0
4663,9663,55000.0
4664,9664,
4665,9665,
4666,9666,
4667,9667,400.0
4668,9668,500.0
4669,9669,95000.0
4670,9670,27500.0
4671,9671,54650.0
4672,9672,260.0
4673,9673,260.0
4674,9674,50000.0
4675,9675,240000.0
4676,9676,200.0
4677,9677,250.0
4678,9678,137500.0
4679,9679,410000.0
4680,9680,180.0
4681,9681,320.0
4682,9682,320.0
4683,9683,35000.0
4684,9684,250.0
4685,9685,180.0
4686,9686,44850.0
4687,9687,10445.0
4688,9688,159600.0
